-- MySQL dump 10.13  Distrib 8.0.27, for Win64 (x86_64)
--
-- Host: 103.174.213.91    Database: traveldb
-- ------------------------------------------------------
-- Server version	8.0.28-0ubuntu0.20.04.3

/*!40101 SET @OLD_CHARACTER_SET_CLIENT=@@CHARACTER_SET_CLIENT */;
/*!40101 SET @OLD_CHARACTER_SET_RESULTS=@@CHARACTER_SET_RESULTS */;
/*!40101 SET @OLD_COLLATION_CONNECTION=@@COLLATION_CONNECTION */;
/*!50503 SET NAMES utf8 */;
/*!40103 SET @OLD_TIME_ZONE=@@TIME_ZONE */;
/*!40103 SET TIME_ZONE='+00:00' */;
/*!40014 SET @OLD_UNIQUE_CHECKS=@@UNIQUE_CHECKS, UNIQUE_CHECKS=0 */;
/*!40014 SET @OLD_FOREIGN_KEY_CHECKS=@@FOREIGN_KEY_CHECKS, FOREIGN_KEY_CHECKS=0 */;
/*!40101 SET @OLD_SQL_MODE=@@SQL_MODE, SQL_MODE='NO_AUTO_VALUE_ON_ZERO' */;
/*!40111 SET @OLD_SQL_NOTES=@@SQL_NOTES, SQL_NOTES=0 */;

--
-- Table structure for table `discount`
--

DROP TABLE IF EXISTS `discount`;
/*!40101 SET @saved_cs_client     = @@character_set_client */;
/*!50503 SET character_set_client = utf8mb4 */;
CREATE TABLE `discount` (
  `id` int NOT NULL AUTO_INCREMENT,
  `price_id` int DEFAULT NULL,
  `start_date` date DEFAULT NULL,
  `end_date` date DEFAULT NULL,
  `discount` float DEFAULT NULL,
  PRIMARY KEY (`id`)
) ENGINE=InnoDB AUTO_INCREMENT=11 DEFAULT CHARSET=utf8mb3 COLLATE=utf8_unicode_ci;
/*!40101 SET character_set_client = @saved_cs_client */;

--
-- Dumping data for table `discount`
--

LOCK TABLES `discount` WRITE;
/*!40000 ALTER TABLE `discount` DISABLE KEYS */;
INSERT INTO `discount` VALUES (1,1,'2022-06-12','2022-07-13',50),(4,17,'2022-07-04','2022-07-06',40),(5,18,'2022-07-07','2022-07-10',30),(6,17,'2022-07-04','2022-07-06',40),(7,20,'2022-07-20','2022-07-21',30),(8,20,'2022-07-20','2022-07-21',30),(9,1,'2022-06-12','2022-07-13',50),(10,22,'2022-07-21','2022-07-23',30);
/*!40000 ALTER TABLE `discount` ENABLE KEYS */;
UNLOCK TABLES;

--
-- Table structure for table `guide`
--

DROP TABLE IF EXISTS `guide`;
/*!40101 SET @saved_cs_client     = @@character_set_client */;
/*!50503 SET character_set_client = utf8mb4 */;
CREATE TABLE `guide` (
  `id` int NOT NULL AUTO_INCREMENT,
  `name` varchar(45) CHARACTER SET utf8 COLLATE utf8_unicode_ci DEFAULT NULL,
  `phone` varchar(45) CHARACTER SET utf8 COLLATE utf8_unicode_ci DEFAULT NULL,
  `address` varchar(45) CHARACTER SET utf8 COLLATE utf8_unicode_ci DEFAULT NULL,
  PRIMARY KEY (`id`)
) ENGINE=InnoDB AUTO_INCREMENT=13 DEFAULT CHARSET=utf8mb3 COLLATE=utf8_unicode_ci;
/*!40101 SET character_set_client = @saved_cs_client */;

--
-- Dumping data for table `guide`
--

LOCK TABLES `guide` WRITE;
/*!40000 ALTER TABLE `guide` DISABLE KEYS */;
INSERT INTO `guide` VALUES (1,'Phan Duy','123456789','Hà Nội'),(2,'Đồng Quốc Hoàn','0378307303','Thái Bình'),(3,'Vũ Văn A','01547956','Hải Dương'),(4,'Nguyễn Văn A','015499765','Hải Phòng'),(5,'Nguyễn Thị B','015479565','Nghệ An'),(6,'Tô Văn C','03454342','Thái Nguyên'),(7,'alo','01264998','Thái Ninh'),(8,'Phan Duy','1234567890','Hà Nam'),(9,'Tô Văn D','03454342','Thái Nguyên'),(10,'Đồng Hoàn','1223456789','Hà Nội'),(11,'Nguyễn Văn A','0123456789','12345'),(12,'Addd','1234567890','Thái Nguyên');
/*!40000 ALTER TABLE `guide` ENABLE KEYS */;
UNLOCK TABLES;

--
-- Table structure for table `land_tour_price`
--

DROP TABLE IF EXISTS `land_tour_price`;
/*!40101 SET @saved_cs_client     = @@character_set_client */;
/*!50503 SET character_set_client = utf8mb4 */;
CREATE TABLE `land_tour_price` (
  `id` int NOT NULL AUTO_INCREMENT,
  `adult` int DEFAULT NULL,
  `children` int DEFAULT NULL,
  `kid` int DEFAULT NULL,
  `baby` int DEFAULT NULL,
  `surcharge` int DEFAULT NULL,
  PRIMARY KEY (`id`)
) ENGINE=InnoDB AUTO_INCREMENT=14 DEFAULT CHARSET=utf8mb3 COLLATE=utf8_unicode_ci;
/*!40101 SET character_set_client = @saved_cs_client */;

--
-- Dumping data for table `land_tour_price`
--

LOCK TABLES `land_tour_price` WRITE;
/*!40000 ALTER TABLE `land_tour_price` DISABLE KEYS */;
INSERT INTO `land_tour_price` VALUES (1,0,0,0,0,0),(2,0,0,0,0,600000),(3,0,0,0,0,2000000),(8,44412,3,2,1,0),(9,6,7,8,9,0),(10,0,0,0,0,0),(11,7,8,9,0,1),(12,0,0,0,0,0),(13,0,0,0,0,0);
/*!40000 ALTER TABLE `land_tour_price` ENABLE KEYS */;
UNLOCK TABLES;

--
-- Table structure for table `orders`
--

DROP TABLE IF EXISTS `orders`;
/*!40101 SET @saved_cs_client     = @@character_set_client */;
/*!50503 SET character_set_client = utf8mb4 */;
CREATE TABLE `orders` (
  `id` int NOT NULL AUTO_INCREMENT,
  `user_id` int DEFAULT NULL,
  `fullname` varchar(100) COLLATE utf8_unicode_ci DEFAULT NULL,
  `email` varchar(100) COLLATE utf8_unicode_ci DEFAULT NULL,
  `phone_number` varchar(100) COLLATE utf8_unicode_ci DEFAULT NULL,
  `address` varchar(200) COLLATE utf8_unicode_ci DEFAULT NULL,
  `adult_count` int DEFAULT NULL,
  `children_count` int DEFAULT NULL,
  `kid_count` int DEFAULT NULL,
  `baby_count` int DEFAULT NULL,
  `price_id` int DEFAULT NULL,
  `created_date` date DEFAULT NULL,
  `status` varchar(45) CHARACTER SET utf8 COLLATE utf8_unicode_ci DEFAULT NULL,
  `sum_price` int DEFAULT NULL,
  PRIMARY KEY (`id`)
) ENGINE=InnoDB AUTO_INCREMENT=18 DEFAULT CHARSET=utf8mb3 COLLATE=utf8_unicode_ci;
/*!40101 SET character_set_client = @saved_cs_client */;

--
-- Dumping data for table `orders`
--

LOCK TABLES `orders` WRITE;
/*!40000 ALTER TABLE `orders` DISABLE KEYS */;
INSERT INTO `orders` VALUES (1,1,NULL,NULL,NULL,NULL,1,1,1,0,1,'2022-04-06','1',4000000),(2,NULL,NULL,NULL,NULL,NULL,NULL,NULL,NULL,NULL,2,'2021-12-07','1',4500000),(3,NULL,NULL,NULL,NULL,NULL,NULL,NULL,NULL,NULL,3,'2022-05-05','1',2000000),(4,NULL,NULL,NULL,NULL,NULL,NULL,NULL,NULL,NULL,NULL,'2020-04-04',NULL,NULL),(5,1,'abc','abc@gmai.com','0132131','test',2,1,0,0,1,NULL,NULL,7122000),(6,1,'test 2','t@gmai.com','01231241','test 2',1,1,0,0,2,'2022-07-06','1',6285000),(7,1,'test 23','abc@gmail.com','1243124','test 3',2,1,0,0,1,'2022-07-06','1',7122000),(8,1,'','','','',1,1,0,0,1,'2022-07-06','1',4532000),(9,1,'','','','',0,1,0,0,4,'2022-07-06','1',1190000),(10,1,'','','','',1,0,0,0,17,'2022-07-06','1',99932),(11,NULL,'','','','',0,0,0,0,1,'2022-07-07','1',0),(12,9,'Phan Duy','duy.phan173073@gmail.com','0984452464','90 Gia Quat Thuong Thanh Long Bien',1,0,0,0,1,'2022-07-22','1',2590000),(13,5,'duy','sadsads@sadsad','3213123123','asdasdsadsad',1,1,0,0,1,'2022-07-22','1',4532000),(14,5,'dsadasd','dasdsad@sdad','13123132131','sdfadfdasd',1,0,0,1,6,'2022-07-22','1',3290000),(15,1,'Phan Duy','duy.phan173073@gmail.com','1321313123','Haf Nooij',1,0,0,1,1,'2022-07-22','1',2970000),(16,1,'Đồng Quốc Hoàn','quochoan.hust.k63@gmail.com','0378307303','Thái Bình',1,2,3,4,6,'2022-07-22','1',6580000),(17,1,'Đồng Quốc Hoàn','qcccc','0378307303','Thái Bình',1,1,0,0,7,'2022-07-23','1',13982500);
/*!40000 ALTER TABLE `orders` ENABLE KEYS */;
UNLOCK TABLES;

--
-- Table structure for table `place`
--

DROP TABLE IF EXISTS `place`;
/*!40101 SET @saved_cs_client     = @@character_set_client */;
/*!50503 SET character_set_client = utf8mb4 */;
CREATE TABLE `place` (
  `id` int NOT NULL AUTO_INCREMENT,
  `region_id` varchar(45) CHARACTER SET utf8 COLLATE utf8_unicode_ci DEFAULT NULL,
  `name` varchar(45) CHARACTER SET utf8 COLLATE utf8_unicode_ci DEFAULT NULL,
  PRIMARY KEY (`id`)
) ENGINE=InnoDB AUTO_INCREMENT=32 DEFAULT CHARSET=utf8mb3 COLLATE=utf8_unicode_ci;
/*!40101 SET character_set_client = @saved_cs_client */;

--
-- Dumping data for table `place`
--

LOCK TABLES `place` WRITE;
/*!40000 ALTER TABLE `place` DISABLE KEYS */;
INSERT INTO `place` VALUES (1,'2','Đà Nẵng '),(2,'2','Quảng Ngãi'),(3,'3','Long Xuyên'),(4,'3','Phú Quốc'),(5,'3','Tiền Giang'),(6,'3','Bến Tre'),(7,'4','Tây Ninh'),(8,'5','Đà Lạt'),(9,'4','TP. Hồ Chí Minh'),(10,'5','Buôn Ma Thuột'),(11,'2','Nha Trang'),(12,NULL,'Ninh Thuận'),(13,'1','Hạ Long'),(14,'1','Quảng Ninh'),(15,'1','Lào Cai'),(16,'1','Hà Giang'),(17,'1','Cao Bằng'),(18,'2','Phan Thiết'),(19,'2','Bình Định'),(20,'2','Quy Nhơn'),(21,'2','Quảng Bình'),(22,'3','Cần Thơ'),(23,'2','Huế'),(24,'3','An Giang'),(25,'3','Kiên Giang'),(26,'5','Đắk Nông'),(27,'1','Yên Bái'),(28,'1','Bắc Kạn'),(29,'1','Tuyên Quang'),(30,'1','Hà Nội'),(31,'3','Rạch Giá');
/*!40000 ALTER TABLE `place` ENABLE KEYS */;
UNLOCK TABLES;

--
-- Table structure for table `price`
--

DROP TABLE IF EXISTS `price`;
/*!40101 SET @saved_cs_client     = @@character_set_client */;
/*!50503 SET character_set_client = utf8mb4 */;
CREATE TABLE `price` (
  `id` int NOT NULL AUTO_INCREMENT,
  `tour_id` int DEFAULT NULL,
  `tour_price_id` int DEFAULT NULL,
  `land_tour_price_id` int DEFAULT NULL,
  PRIMARY KEY (`id`)
) ENGINE=InnoDB AUTO_INCREMENT=23 DEFAULT CHARSET=utf8mb3 COLLATE=utf8_unicode_ci;
/*!40101 SET character_set_client = @saved_cs_client */;

--
-- Dumping data for table `price`
--

LOCK TABLES `price` WRITE;
/*!40000 ALTER TABLE `price` DISABLE KEYS */;
INSERT INTO `price` VALUES (1,1,1,1),(2,3,2,1),(3,5,3,1),(4,6,4,1),(5,7,5,1),(6,8,6,1),(7,9,7,1),(8,10,8,1),(9,11,9,1),(10,12,10,1),(11,13,11,1),(12,14,12,1),(17,39,17,8),(18,40,18,9),(19,42,19,10),(20,43,20,11),(21,44,21,12),(22,45,22,13);
/*!40000 ALTER TABLE `price` ENABLE KEYS */;
UNLOCK TABLES;

--
-- Table structure for table `rate`
--

DROP TABLE IF EXISTS `rate`;
/*!40101 SET @saved_cs_client     = @@character_set_client */;
/*!50503 SET character_set_client = utf8mb4 */;
CREATE TABLE `rate` (
  `id` int NOT NULL,
  `tour_code` varchar(45) CHARACTER SET utf8 COLLATE utf8_unicode_ci DEFAULT NULL,
  `rate` float DEFAULT NULL,
  PRIMARY KEY (`id`)
) ENGINE=InnoDB DEFAULT CHARSET=utf8mb3 COLLATE=utf8_unicode_ci;
/*!40101 SET character_set_client = @saved_cs_client */;

--
-- Dumping data for table `rate`
--

LOCK TABLES `rate` WRITE;
/*!40000 ALTER TABLE `rate` DISABLE KEYS */;
/*!40000 ALTER TABLE `rate` ENABLE KEYS */;
UNLOCK TABLES;

--
-- Table structure for table `region`
--

DROP TABLE IF EXISTS `region`;
/*!40101 SET @saved_cs_client     = @@character_set_client */;
/*!50503 SET character_set_client = utf8mb4 */;
CREATE TABLE `region` (
  `id` int NOT NULL AUTO_INCREMENT,
  `name` varchar(45) CHARACTER SET utf8 COLLATE utf8_unicode_ci DEFAULT NULL,
  PRIMARY KEY (`id`)
) ENGINE=InnoDB AUTO_INCREMENT=6 DEFAULT CHARSET=utf8mb3 COLLATE=utf8_unicode_ci;
/*!40101 SET character_set_client = @saved_cs_client */;

--
-- Dumping data for table `region`
--

LOCK TABLES `region` WRITE;
/*!40000 ALTER TABLE `region` DISABLE KEYS */;
INSERT INTO `region` VALUES (1,'Miền Bắc'),(2,'Miền Trung'),(3,'Miền Tây Nam Bộ'),(4,'Miền Đông Nam Bộ'),(5,'Tây Nguyên');
/*!40000 ALTER TABLE `region` ENABLE KEYS */;
UNLOCK TABLES;

--
-- Table structure for table `tour`
--

DROP TABLE IF EXISTS `tour`;
/*!40101 SET @saved_cs_client     = @@character_set_client */;
/*!50503 SET character_set_client = utf8mb4 */;
CREATE TABLE `tour` (
  `id` int NOT NULL AUTO_INCREMENT,
  `name` text CHARACTER SET utf8 COLLATE utf8_unicode_ci,
  `short_desc` text CHARACTER SET utf8 COLLATE utf8_unicode_ci,
  `start_time` date DEFAULT NULL,
  `period` int DEFAULT NULL,
  `start_place_id` int DEFAULT NULL,
  `end_place_id` int DEFAULT NULL,
  `main_image_url` varchar(200) CHARACTER SET utf8 COLLATE utf8_unicode_ci DEFAULT NULL,
  `guide_id` int DEFAULT NULL,
  `place_order_max` int DEFAULT NULL,
  `code` varchar(45) CHARACTER SET utf8 COLLATE utf8_unicode_ci DEFAULT NULL,
  `status` int DEFAULT '1',
  PRIMARY KEY (`id`)
) ENGINE=InnoDB AUTO_INCREMENT=46 DEFAULT CHARSET=utf8mb3 COLLATE=utf8_unicode_ci;
/*!40101 SET character_set_client = @saved_cs_client */;

--
-- Dumping data for table `tour`
--

LOCK TABLES `tour` WRITE;
/*!40000 ALTER TABLE `tour` DISABLE KEYS */;
INSERT INTO `tour` VALUES (1,'Quảng Ngãi - Lý Sơn 2N1Đ (Trải Nghiệm Tàu Cao Tốc 5 Sao Đà Nẵng - Lý Sơn)','Lý Sơn là huyện đảo duy nhất của tỉnh Quảng Ngãi, nằm về phía Đông Bắc tỉnh, cách đất liền 15 hải lý. Hòn đảo là vết tích còn lại của 1 núi lửa với 5 miệng, được hình thành cách đây 25 – 30 triệu năm. Những năm gần đây, Lý Sơn thu hút cả hàng triệu khách du lịch trong và ngoài nước hằng năm VÌ: Vẻ đẹp hoang sơ và mượt mà của những bãi cát dài trắng mướt trải dài đến vô tận, với sự trong xanh và tinh khôi của nước biển – nơi được mệnh danh là Maldives của Việt Nam;Sự hấp dẫn của vẻ đẹp hút hồn từ những chứng tích núi lửa đã phun trào hằng chục triệu năm về trước;Nơi mà được du khách truyền miệng với nhau là điểm đón hoàng hôn tuyệt vời và lãng mạng bậc nhất Việt Nam;Nơi có những cánh đồng tỏi xanh rì phủ kín cả hòn đảo (Vương quốc Tỏi)','2022-08-26',2,2,2,'https://media.travel.com.vn/tour/tfd_220324035045_582660.jpg',1,10,NULL,1),(3,'Long Xuyên - Hà Tiên - Phú Quốc - Ngắm Hoàng Hôn Tại Sunset Sanato - Bãi Sao - 4 Sao',' ','2022-08-11',3,3,4,'https://media.travel.com.vn/tour/tfd_220324035045_582660.jpg',2,10,'NDAGN1063-009-110622TAU-D',1),(5,'Miền Tây - Mỹ Tho - Thới Sơn - Bến Tre','Tản bộ trên đường làng, tham quan vườn cây ăn trái, thưởng thức các loại trái cây theo mùa và nghe đàn ca tài tử Nam Bộ. Đi xuồng chèo len lỏi trong rạch nhỏ ngắm nhìn phong cảnh bình dị vùng sông nước, đến tham quan trại nuôi ong mật, thưởng thức trà mật ong, rượu chuối hột…','2022-08-12',1,9,5,'https://media.travel.com.vn/tour/tfd_220324035045_582660.jpg',1,10,'NDSGN867-019-120622XE-V-F',1),(6,'Tây Ninh - Hành trình chinh phục nóc nhà Nam Bộ - Tặng vé tham quan 2 tuyến cáp treo Vân Sơn và Chùa Hang',' ','2022-08-12',1,9,7,'https://media.travel.com.vn/tour/tfd_220324035045_582660.jpg',1,10,'NDSGN870-011-120622XE-V-F',1),(7,'Đà Lạt - Đồi chè Cầu Đất - Ga Đà Lạt - Dinh I - Nhà thờ Con Gà ( Tour giá sốc )','Đà Lạt thu hút du khách không chỉ bởi khí hậu se lạnh hay thành phố hoa với nhiều chủng loại đua nhau khoe sắc, vườn thú mở ở Kim Ngân Hill và khu “Ký ức thời bao cấp” đưa du khách trở về ký ức thời xưa hay đến ga Đà Lạt và nhà thờ Con Gà với những góc check in cực chất. Đặc biệt, chương trình sẽ mang đến cho quý khách sự trải nghiệm thú vị khi tham gia giải chạy bán marathon kết hợp âm nhạc hoàn hảo với các cự ly 5km, 10km, 21km quanh bờ hồ Xuân Hương. ĐIỂM NHẤN: ● Tham gia giải chạy với cự ly 5km/ 10km/ 21 km tùy theo sự lựa chọn của mỗi du khách. ● Check in những điểm tham quan tuyệt đẹp tại thành phố ngàn hoa. ● Tận hưởng bầu không khí se lạnh của phố núi. ● Tham dự chương trình biểu diễn âm nhạc đêm trao giải.','2022-08-13',3,9,8,'https://media.travel.com.vn/tour/tfd_220324035045_582660.jpg',1,10,'NDSGN531-005-130622XE-V-F',1),(8,'Đà Lạt - Que Garden - Thác Bobla - Khu Du Lịch Kim Ngân Hills - Cà Phê Mê Linh (Tour Giá Sốc)','Đến với Đà Lạt, du khách không thể bỏ qua những điểm check-in nổi tiếng như: vườn thú kết hợp với không gian cà phê view rừng thông ấn tượng tại Kim Ngân Hills - nơi đang nuôi giữ và bảo tồn nhiều loài động vật độc lạ như lạc đà Alpaca, hươu sao, ngựa Ponny, cừu Valis, chó Corgi... 1 tọa độ sống ảo mới tại Phân Viện Sinh Học với góc ảnh bên những bức tường cổ kính. Cánh đồng hoa cẩm tú cầu ghi điểm trong mắt du khách nhờ vào khung cảnh thơ mộng xung quanh. Xa xa là rừng thông thơ mộng, còn ở dưới chân cầu vàng là cả cánh đồng rộng lớn được phủ kín bởi sắc trắng phớt xanh của hoa cẩm tú cầu, nổi bần bật trên nền xanh thẫm của lá....\"','2022-08-13',4,9,8,'https://media.travel.com.vn/tour/tfd_220324035045_582660.jpg',1,10,'NDSGN548-093-140622XE-V-F',1),(9,'Bay cùng Vietravel Airlines | Thỏa Thích vui chơi tại Vinwonder & Safari World - Nghỉ dưỡng resort 5 sao Radisson Blu Phú Quốc',' ','2022-08-14',3,9,4,'https://media.travel.com.vn/tour/tfd_220324035045_582660.jpg',1,10,'NDSGN802-067-140622VU-D',1),(10,'Phú Quốc - Hòn Thơm Nature Park - Cáp Treo Vượt Biển - Công Viên Nước Aquatopia - Nghỉ dưỡng khách sạn 5 sao Best Western',' ','2022-08-14',3,9,4,'https://media.travel.com.vn/tour/tfd_220324035045_582660.jpg',1,10,'NDSGN855-035-140622VN-D-1',1),(11,'Đà Lạt - Que Garden - Thác Bobla - Khu Du Lịch Kim Ngân Hills - Cà Phê Mê Linh (Tour Giá Sốc)','Đến với Đà Lạt, du khách không thể bỏ qua những điểm check-in nổi tiếng như: vườn thú kết hợp với không gian cà phê view rừng thông ấn tượng tại Kim Ngân Hills - nơi đang nuôi giữ và bảo tồn nhiều loài động vật độc lạ như lạc đà Alpaca, hươu sao, ngựa Ponny, cừu Valis, chó Corgi... 1 tọa độ sống ảo mới tại Phân Viện Sinh Học với góc ảnh bên những bức tường cổ kính. Cánh đồng hoa cẩm tú cầu ghi điểm trong mắt du khách nhờ vào khung cảnh thơ mộng xung quanh. Xa xa là rừng thông thơ mộng, còn ở dưới chân cầu vàng là cả cánh đồng rộng lớn được phủ kín bởi sắc trắng phớt xanh của hoa cẩm tú cầu, nổi bần bật trên nền xanh thẫm của lá....','2022-08-15',4,9,8,'https://media.travel.com.vn/tour/tfd_220324035045_582660.jpg',1,10,'NDSGN548-094-150622XE-V-F',1),(12,'Buôn Ma Thuột - Pleiku - Kon Tum - KDL Măng Đen (Tour Tiết Kiệm) - Khách sạn 3*',' ','2022-08-15',5,9,10,'https://media.travel.com.vn/tour/tfd_220324035045_582660.jpg',1,10,'NDSGN579-018-150622XE-V-1',1),(13,'Nha Trang (khách sạn 4*) - Đà Lạt ( Tour Tiết Kiệm)',' ','2022-08-15',5,9,11,'https://media.travel.com.vn/tour/tfd_220324035045_582660.jpg',1,10,'NDSGN523-013-150622XE-V',1),(14,'Ninh Chữ - Hang Rái - Đồng Cừu Suối Tiên - Bãi Kinh - Thưởng Thức Hải Sản Trên Bè - Tour Tiết Kiệm','Được mệnh danh là một điểm nhấn du lịch Ninh Thuận, Ninh Chữ hiện nay đã có một con lộ thông thoáng để du khách đến khu du lịch biển này. Bãi biển Ninh Chữ là 1 trong 9 bãi tắm đẹp nhất của Việt Nam, có chiều dài 10 km, bờ biển bằng phẳng hình vòng cung, nước trong xanh, cát trắng mịn, không khí trong lành, quanh năm sóng vỗ rì rào. Hành trình kết hợp khám phá Bình Hưng xinh đẹp, thưởng thức món tôm hùm tươi ngon và thả mình trên mặt biển trong xanh nhìn tận đáy… Hãy đồng hành cùng Vietravel khám phá hành trình thú vị này bạn nhé.','2022-08-15',3,9,12,'https://media.travel.com.vn/tour/tfd_220324035045_582660.jpg',1,10,'NDSGN560-029-150622XE-V',1),(15,'Bay cùng Vietravel Airlines | Thỏa Thích vui chơi tại Vinwonder & Safari World - Nghỉ dưỡng resort 5 sao Radisson Blu Phú Quốc',' ','2022-08-15',3,9,4,'https://media.travel.com.vn/tour/tfd_220324035045_582660.jpg',1,10,'NDSGN802-068-150622VU-D',1),(16,'Đà Lạt - Que Garden - Thác Bobla - Khu Du Lịch Kim Ngân Hills - Cà Phê Mê Linh (Tour Giá Sốc)','Đến với Đà Lạt, du khách không thể bỏ qua những điểm check-in nổi tiếng như: vườn thú kết hợp với không gian cà phê view rừng thông ấn tượng tại Kim Ngân Hills - nơi đang nuôi giữ và bảo tồn nhiều loài động vật độc lạ như lạc đà Alpaca, hươu sao, ngựa Ponny, cừu Valis, chó Corgi... 1 tọa độ sống ảo mới tại Phân Viện Sinh Học với góc ảnh bên những bức tường cổ kính. Cánh đồng hoa cẩm tú cầu ghi điểm trong mắt du khách nhờ vào khung cảnh thơ mộng xung quanh. Xa xa là rừng thông thơ mộng, còn ở dưới chân cầu vàng là cả cánh đồng rộng lớn được phủ kín bởi sắc trắng phớt xanh của hoa cẩm tú cầu, nổi bần bật trên nền xanh thẫm của lá....','2022-08-16',4,9,8,'https://media.travel.com.vn/tour/tfd_220324035045_582660.jpg',1,10,'NDSGN548-095-160622XE-V-F',1),(17,'Đà Nẵng - Phú Quốc Ngắm Hoàng Hôn Tại Sunset Sanato - Bãi Sao',' ','2022-08-16',3,1,4,'https://media.travel.com.vn/tour/tfd_220324035045_582660.jpg',1,10,'NDDNG4901-017-150622VN-V',1),(18,'Buôn Ma Thuột - Hồ Lắk - Buôn Kôtam - Bảo Tàng Thế Giới Cà Phê (Tour Tiết Kiệm)',' ','2022-08-16',4,9,10,'https://media.travel.com.vn/tour/tfd_220324035045_582660.jpg',1,10,'NDSGN574-017-160622XE-V',1),(19,'Hà Nội - Ninh Bình - Bái Đính - Tràng An - Hạ Long - Trải nghiệm bãi tắm nhân tạo SunWorld Hạ Long (Khách sạn 3&4 sao)','Du lịch Hạ Long là dịp để quý khách chiêm ngưỡng sự kì thú của thiên nhiên với những mỏm đá chênh vênh giữa biển như hòn Gà Chọi, hòn Trống Mái,.. những hang động như hang Sửng Sốt, hang Trinh Nữ,... Một lần đến với Hạ Long bạn sẽ có cảm nhận nơi đây không khác gì một bảo tàng thiên nhiên khổng lồ với những hang động nguyên sơ huyền ảo cùng với văn hóa lịch sử mới mẻ, hấp dẫn. Khi đã bắt đầu chuyến du lịch Hạ Long, bạn sẽ quên hết thời gian, mê mẩn không muốn về. Ninh Bình - vùng đất “Nơi mơ đến, chốn mong về” ghi dấu ấn với Quần thể danh thắng Tràng An -Di sản văn hóa thiên nhiên thế giới, đi thuyền chèo tham quan hệ thống thạch nhũ trong hang động và di tích Đền Trần; uy nghiêm trầm mặc với quần thể chùa Bái Đính, ẩn mình thanh tịnh sau hang động với Tuyệt tịnh cốc, …','2022-08-16',4,9,13,'https://media.travel.com.vn/tour/tfd_220324035045_582660.jpg',1,10,'NDSGN1002-003-160622VU-D',1),(20,'Phú Quốc - Hòn Thơm Nature Park - Cáp Treo Vượt Biển - Công Viên Nước Aquatopia - Nghỉ dưỡng khách sạn 5 sao Best Western',' ','2022-08-16',3,9,4,'https://media.travel.com.vn/tour/tfd_220324035045_582660.jpg',1,10,'NDSGN855-061-160622VN-D-7',1),(21,'Hà Nội - Sapa - Bản Cát Cát - Fansipan - Ninh Bình - Tràng An - Bái Đính - Tuyệt Tịnh Cốc - Hạ Long - Đảo Titốp - Yên Tử','Lào Cai là tỉnh vùng cao phía Bắc Việt Nam. Lào Cai có những điểm văn hóa, phong cảnh lãng mạn, những điểm check-in nổi tiếng của giới trẻ như thung lũng Mường Hoa, đỉnh Phanxipang, núi Hàm Rồng, các bản văn hóa dân tộc như Cát Cát, Tả Van, Lào Chải, Tả Phìn và những con đường mòn ôm sát cánh đồng lúa, … Ngoài ra, Lào Cai còn là điểm đến hấp dẫn của du khách bởi nét văn hóa ẩm thực đặc sắc của nhiều dân tộc anh em vùng cao.  Đặt chân đến Quảng Ninh – tỉnh đầu tiên có 4 thành phố: Hạ Long, Móng Cái, Uông Bí và Cẩm Phả tạo nên thành phố du lịch không chỉ nổi tiếng về biển như Vịnh Hạ Long với hàng nghìn đảo đá nhấp nhô trên sóng nước lung linh huyền ảo, những hang động tuyệt đẹp, những bãi tắm hoang sơ, làn nước mát lạnh trong veo đặc trưng của vùng đảo Cô Tô, Soi Sim, ... Không những thế, Quảng Ninh còn hấp dẫn du khách về không khí mát mẻ của vùng núi thiêng Yên Tử nơi hội tụ tâm linh, văn hóa và không gian nghỉ dưỡng đỉnh cao. Nếu bạn yêu sự hoang sơ của thiên nhiên, không gian thoáng mát thì hãy thử một lần ghé thăm cao nguyên Bình Liêu, được ví von như “Sapa vùng đất than”, với các cột mốc biên giới và dãy “cờ cỏ lau” hay con đường “Sống lưng khủng long” chạy dọc đường tuần biên luôn là điểm dừng yêu thích của du khách trong và ngoài tỉnh.  Ninh Bình vùng đất “Nơi mơ đến, chốn mong về” ghi dấu ấn với Quần thể danh thắng Tràng An -Di sản văn hóa thiên nhiên thế giới, đi thuyền chèo tham quan hệ thống thạch nhũ trong hang động và di tích Đền Trần; uy nghiêm trầm mặc với quần thể chùa Bái Đính, ẩn mình thanh tịnh sau hang động với Tuyệt tịnh cốc,..','2022-08-16',3,9,15,'https://media.travel.com.vn/tour/tfd_220324035045_582660.jpg',1,10,'NDSGN1861-081-160622VU-V',1),(22,'Phú Quốc - Thiên đường giải trí Vinwonder - Safari World - Hòn Thơm Nature Park - Cáp Treo Vượt Biển - Công Viên Nước Aquatopia',' ','2022-08-16',3,9,4,'https://media.travel.com.vn/tour/tfd_220324035045_582660.jpg',1,10,'NDSGN879-012-160622VN-D-7',1),(23,'Đà Lạt - Thung lũng Đèn - Xích đu Tiên - Tặng vé xem ca nhạc tại Mây Lang Thang (Khách sạn 4* trọn tour)','Giữa lòng Đà Lạt cổ kính là những vườn chè xanh mát đan xen bởi những trụ tuabin điện gió càng tô điểm thêm vẻ đẹp của làn mây bồng bềnh đang lững lờ trôi, tạo điểm nhấn check-in với dàn siêu xe cực chill, cực chất hay ngôi nhà phù thủy, đồi mai anh đào, đồi huệ sông nile, đồi hoa sim tím, đồi hoa hoàng yến hay vườn hoa hồng với hàng trăm gốc quý hiếm tỏa hương khoe sắc bốn mùa… để khi hoàng hôn dần buông, Quý khách thỏa sức “phiêu” tại bữa tiệc âm nhạc tuyệt vời giữa bao la núi đồi cùng Mây Lang Thang. Hành trình cũng đưa Quý khách đến với quán Seven-T Coffee nằm giữa rừng thông với view 360° núi đồi xanh mát, bể bơi vô cực giữa rừng nhiệt đới để xả stress và ghi lại những khoảnh khắc đẹp tại Đà Lạt Swing – trò chơi “xích đu tiên” lớn nhất Việt Nam hay ngắm nhìn những loài động vật quý hiếm trên thế giới như Công bạch tạng, Đại bàng Mỹ, Vẹt đuôi dài Nam Mỹ, Cầy Magut châu Phi, Thiên nga, Yến phụng, Lạc đà Alpaca, Mèo rừng, Cáo sa mạc và thỏa sức khám phá Khu du lịch Quỷ Núi.','2022-08-17',3,9,8,'https://media.travel.com.vn/tour/tfd_220324035045_582660.jpg',1,10,'NDSGN539-001-170622XE-V-F-1',1),(24,'Đà Lạt - Thung lũng Đèn - Xích đu Tiên - Tặng vé xem ca nhạc tại Mây Lang Thang (Khách sạn 3*. Tour Giá Sốc)','Giữa lòng Đà Lạt cổ kính là những vườn chè xanh mát đan xen bởi những trụ tuabin điện gió càng tô điểm thêm vẻ đẹp của làn mây bồng bềnh đang lững lờ trôi, tạo điểm nhấn check-in với dàn siêu xe cực chill, cực chất hay ngôi nhà phù thủy, đồi mai anh đào, đồi huệ sông nile, đồi hoa sim tím, đồi hoa hoàng yến hay vườn hoa hồng với hàng trăm gốc quý hiếm tỏa hương khoe sắc bốn mùa… để khi hoàng hôn dần buông, Quý khách thỏa sức “phiêu” tại bữa tiệc âm nhạc tuyệt vời giữa bao la núi đồi cùng Mây Lang Thang. Hành trình cũng đưa Quý khách đến với quán Seven-T Coffee nằm giữa rừng thông với view 360° núi đồi xanh mát, bể bơi vô cực giữa rừng nhiệt đới để xả stress và ghi lại những khoảnh khắc đẹp tại Đà Lạt Swing – trò chơi “xích đu tiên” lớn nhất Việt Nam hay ngắm nhìn những loài động vật quý hiếm trên thế giới như Công bạch tạng, Đại bàng Mỹ, Vẹt đuôi dài Nam Mỹ, Cầy Magut châu Phi, Thiên nga, Yến phụng, Lạc đà Alpaca, Mèo rừng, Cáo sa mạc và thỏa sức khám phá Khu du lịch Quỷ Núi.','2022-08-17',3,9,8,'https://media.travel.com.vn/tour/tfd_220324035045_582660.jpg',1,10,'NDSGN539-001-170622XE-V-F',1),(25,'Buôn Ma Thuột - Thác Dray Nur - KDL Sinh Thái KoTam - Bảo Tàng Thế Giới Cà Phê (Tour Giá Sốc)','Ngắm cảnh hùng vĩ của rừng nguyên sinh Quốc gia Yok Đôn, tham quan cầu treo và thưởng ngoạn cảnh sông Sê Rê Pốk, nhà sàn cổ 120 năm của người Lào, tìm hiểu truyền thuyết Vua săn voi, thăm buôn làng của người dân tộc Êđê, M’Nông, Khmer… Đến với KDL Sinh Thái Kotam: tìm hiểu nét đẹp từ những phong tục bản địa của người Êđê giữa mênh mông đại ngàn và thưởng thức những món ăn mang đậm văn hóa Tây Nguyên.','2022-08-17',3,9,10,'https://media.travel.com.vn/tour/tfd_220324035045_582660.jpg',1,10,'NDSGN573-017-170622XE-H',1),(26,'Hà Giang - Lũng Cú - Đồng Văn - Nơi đá nở hoa ( Khách sạn 3* & 4*)',' ','2022-08-16',4,30,16,'https://media.travel.com.vn/tour/tfd_220324035045_582660.jpg',1,10,'NDHAN200-009-160622XE-V',1),(27,'Hà Giang-Lũng Cú- Đồng Văn - Hoa xuân miền Đông Bắc (Sản Phẩm Chọn Lọc, Tiết Kiệm Thời Gian, Phù Hợp Cho Khách Hàng Là Thanh Niên Sức Khỏe Tốt & Ưa Trải Nghiệm) - Khách sạn 3 sao và 4 sao','Quý khách sẽ được thăm quan cao nguyên đá Đồng Văn, ngắm hoa Tam Giác Mạch Khám phá dinh thự họ Vương, cột cờ Lũng Cũ Chiêm ngưỡng vẻ đẹp một trong tứ đại đỉnh đèo “ Mã Pí Lèng ’’ bên dòng sông Nho Quế','2022-08-17',3,30,16,'https://media.travel.com.vn/tour/tfd_220324035045_582660.jpg',1,10,'NDHAN204-026-170622XE-D-4',1),(28,'Bắc Kạn - Cao Bằng - Thưởng thức hát then trên hồ Ba Bể','• Hồ Ba Bể là một hồ nước ngọt ở Bắc Kạn, Việt Nam. Nó là một trong một trăm hồ nước ngọt lớn nhất thế • Khu di tích Pắc Pó – một khu di tích lịch sử cách mạng quốc gia đặc biệt của Việt Nam gắn liền với hoạt động của Bác • Thăm quan thác Bản Giốc - thác nước lớn thứ tư thế giới trong số các thác nước đẹp nằm trên biên giới giữa các quốc gia, đồng thời là thác nước tự nhiên lớn nhất khu vực Đông Nam Á. • Được trải nghiệm nghe điệu hát Then của dân tộc Tày.','2022-08-17',3,30,16,'https://media.travel.com.vn/tour/tfd_220324035045_582660.jpg',1,10,'NDHAN221-014-170622-H',1),(29,'Đà Lạt - Quê Garden - KDL Kim Ngân Hills - Nông Trại Cún - Cà Phê Mê Linh ( Khách sạn 3 sao) GIẢM NGAY 400.000Đ/KHÁCH CHO 5 CHỖ NGỒI CUỐI XE','Đà Lạt mộng mơ nơi mimosa và ngàn hoa khoe sắc, từ đồi Robin ngắm Hồ Tuyền Lâm, núi Voi, viếng Thiền Viện Trúc Lâm, thăm Dinh Bảo Đại, tản bộ dưới những tán thông, ngắm biệt thự cổ, nhấm nháp ly café ấm áp trong thời tiết se lạnh. Những chuyến xe ngựa thổ mộ chạy quanh Hồ Xuân Hương cũng là nét duyên của Đà Lạt mờ sương.','2022-08-16',4,31,8,'https://media.travel.com.vn/tour/tfd_220324035045_582660.jpg',1,10,'NDKGIR548-003-160622XE-H',1),(30,'Long Xuyên - Đà Lạt: Thác Damb\'ri - Kim Ngân Hills - Fairytale Land - Đường Hầm Đất Sét - Khu Du Lịch Chuồn Chuồn - 3 Sao - (3 Ngày 3 Đêm)','Đà Lạt, Thác Damb\'ri, Đường Hầm Điêu Khắc, Khu Vườn Cổ Tích Fairytale Land','2022-08-16',4,3,8,'https://media.travel.com.vn/tour/tfd_220324035045_582660.jpg',1,10,'NDAGN1072-007-160622XE-V\"',1),(31,'Sapa - Hàm Rồng - Fansipan - Cát Cát - Secret Garden - thiên đường sống ảo giữa lòng phố núi (Khách sạn 3 sao)','Sapa - Một thị trấn trong sương huyền ảo, vẽ lên một bức tranh sơn thủy hữu tình. Du khách sẽ được ghé thăm bản Cát Cát, trải nghiệm văn hóa đặc sắc của người Mông. Và check in Secret Garden- điểm sống ảo mới toanh giữa lòng phố núi Sapa.','2022-08-17',3,30,15,'https://media.travel.com.vn/tour/tfd_220324035045_582660.jpg',1,10,'NDHAN150-012-170622XE-D-3',1),(32,'Huế - Đà Lạt - Kim Ngân Hills - Fairytale Land - Que Garden (Khách sạn 3 sao)','Đà Lạt là thủ phủ của tỉnh Lâm Đồng. Với độ cao 1.500 m trên mặt nước biển, Đà Lạt tiết trời mát lạnh và là nơi nghỉ dưỡng lý tưởng ở khu vực miền Nam. Chỉ cách Sài Gòn chừng 300km, thành phố Đà Lạt là nơi nghỉ dưỡng tuyệt vời, giúp du khách thoát khỏi cái oi bức nóng nực của vùng đồng bằng Nam Bộ.','2022-08-17',3,23,8,'https://media.travel.com.vn/tour/tfd_220324035045_582660.jpg',1,10,'NDHUE106-003-170622VN',1),(33,'Rạch Giá - Châu Đốc - Tham quan Chùa Bà Chúa Xứ Núi Sam - Khu du lịch Rừng Tràm Trà Sư - Hà Tiên - Tắm Biển Mũi Nai - Rạch Giá (GIẢM NGAY 400.000Đ CHO 5 KHÁCH ĐĂNG KÝ ĐẦU TIÊN)',' ','2022-08-18',2,31,24,'https://media.travel.com.vn/tour/tfd_220324035045_582660.jpg',1,10,'NDKGIR605-003-180622XE-H',1),(34,'Nha Trang - Nghĩ Dưỡng Cam Ranh Selectum Noa Resort 5 Sao Đẳng Cấp','Nha Trang - điểm hẹn nhiều người mong ước được ghé đến nay đã xuất hiện một khu nghỉ dưỡng đẳng cấp với nhiều trò chơi hấp dẫn. Selectum - Noa Cam Ranh là cái tên nổi bật trên thị trường bởi thiết kế đẹp, tiện nghi và đặc biệt phù hợp với nhiều đối tượng khách khác nhau.','2022-08-18',2,10,11,'https://media.travel.com.vn/tour/tfd_220324035045_582660.jpg',1,10,'NDDLA179-004-180622XE',1),(39,'testupdate','dddd','2022-08-05',2,2,3,'dddd',1,10,'testupdate',0),(40,'adlo',' ','2022-08-10',2,1,2,'adddd',2,NULL,'123',1),(41,NULL,' ',NULL,NULL,NULL,NULL,NULL,NULL,NULL,NULL,1),(42,'Đà Nẵng Hà Giang','Đà Nẵng Hà Giang Quảng Bình','2022-07-22',2,1,16,'https://www.vietnambooking.com/wp-content/uploads/2019/11/kinh-nghiem-du-lich-ha-giang-bang-xe-may-19-11-2019-1.jpg',5,10,'DNHG1234',1),(43,'testadd','núi non hùng vĩ','2022-07-19',3,5,12,'adddđ',2,NULL,'testadd',1),(44,'Đà Nẵng - Đà Lạt','Đà Nẵng Đà Lạt','2022-07-22',1,1,8,'đâs',4,NULL,'DNGDL1234',1),(45,'Test12','addd','2022-07-10',10,1,2,'adđ',2,NULL,'Test12',1);
/*!40000 ALTER TABLE `tour` ENABLE KEYS */;
UNLOCK TABLES;

--
-- Table structure for table `tour_price`
--

DROP TABLE IF EXISTS `tour_price`;
/*!40101 SET @saved_cs_client     = @@character_set_client */;
/*!50503 SET character_set_client = utf8mb4 */;
CREATE TABLE `tour_price` (
  `id` int NOT NULL AUTO_INCREMENT,
  `adult` int DEFAULT NULL,
  `children` int DEFAULT NULL,
  `kid` int DEFAULT NULL,
  `baby` int DEFAULT NULL,
  `surcharge` int DEFAULT NULL,
  PRIMARY KEY (`id`)
) ENGINE=InnoDB AUTO_INCREMENT=23 DEFAULT CHARSET=utf8mb3 COLLATE=utf8_unicode_ci;
/*!40101 SET character_set_client = @saved_cs_client */;

--
-- Dumping data for table `tour_price`
--

LOCK TABLES `tour_price` WRITE;
/*!40000 ALTER TABLE `tour_price` DISABLE KEYS */;
INSERT INTO `tour_price` VALUES (1,2590000,1942000,900000,380000,0),(2,4190000,2095000,0,0,1200000),(3,599000,599000,0,0,0),(4,1190000,1190000,0,0,0),(5,1990000,995000,0,0,600000),(6,3290000,1645000,0,0,1300000),(7,7990000,5992500,3000000,250000,2000000),(8,7590000,5692500,3000000,300000,1800000),(9,3290000,1645000,0,0,1300000),(10,4590000,2295000,0,0,2000000),(11,4590000,2295000,0,0,1500000),(12,3290000,1645000,0,0,600000),(17,99932,8,7,6,5),(18,1,2,3,4,5),(19,1000000,500000,0,0,0),(20,1,2,3,4,6),(21,1000000,500000,0,0,0),(22,1,2,3,4,5);
/*!40000 ALTER TABLE `tour_price` ENABLE KEYS */;
UNLOCK TABLES;

--
-- Table structure for table `tour_schedule`
--

DROP TABLE IF EXISTS `tour_schedule`;
/*!40101 SET @saved_cs_client     = @@character_set_client */;
/*!50503 SET character_set_client = utf8mb4 */;
CREATE TABLE `tour_schedule` (
  `id` int NOT NULL AUTO_INCREMENT,
  `tour_id` int DEFAULT NULL,
  `alias` varchar(45) CHARACTER SET utf8 COLLATE utf8_unicode_ci DEFAULT NULL,
  `time` date DEFAULT NULL,
  `location` text CHARACTER SET utf8 COLLATE utf8_unicode_ci,
  `detail` text CHARACTER SET utf8 COLLATE utf8_unicode_ci,
  PRIMARY KEY (`id`)
) ENGINE=InnoDB AUTO_INCREMENT=130 DEFAULT CHARSET=utf8mb3 COLLATE=utf8_unicode_ci;
/*!40101 SET character_set_client = @saved_cs_client */;

--
-- Dumping data for table `tour_schedule`
--

LOCK TABLES `tour_schedule` WRITE;
/*!40000 ALTER TABLE `tour_schedule` DISABLE KEYS */;
INSERT INTO `tour_schedule` VALUES (2,1,'Ngày 1','2022-08-26','ĐÀ NẴNG - LÝ SƠN','07h30: Quý khách tập trung tại bến tàu sông Hàn, làm thủ tục lên tàu Phú Quốc Express đi lý Sơn lúc 08h00: 12h00 đến Lý Sơn. Đến nơi đoàn dùng cơm trưa nhận phòng, nghỉ ngơi.\\n      14h00: Đoàn tham quan nhà trưng bày Hải Đội Hoàng Sa Kiêm Quản Bắc Hải với những chứng tích lịch sử về chủ quyền Biển Đảo Hoàng Sa – Trường Sa, tìm hiểu cuộc sống và hành trình của Đội Hùng Binh năm xưa, ý nghĩa của Lễ Khao Lề Thế Lính Hoàng Sa.\\n     14h30: Đoàn tiếp tục khám phá Khu di tích cấp quốc gia – thắng cảnh Chùa Hang, Tìm hiểu về lịch sử, ý nghĩa về văn hóa tâm linh của ngôi chùa đối với người dân trên Đảo. \\n      15h30: Đoàn tham quan thắng cảnh Hang Câu với vách núi dựng đứng, hình vòm, sừng sững với nhiều đường vân huyền ảo do kiến tạo của địa chất và hoạt động của núi lửa, nơi đây có bãi cát trắng dài và rộng cộng với nước biển trong xanh quả thật là một nơi giải trí lý tưởng. Du Khách biết thêm về tác dụng của địa điểm này đối với ngư dân khi vào mùa nước cạn.\\n      16h00: Đoàn chinh phục Đỉnh Thới Lới một trong 5 ngọn núi lửa lớn nhất trên Đảo Lý Sơn đã ngừng hoạt động cách đây hàng triệu năm. Đoàn viếng thăm Cột Cờ, một biểu tượng chủ quyền Biển Đảo Lý Sơn.\\n      17h00: Quan Âm Đài – Chùa Đục (Đỉnh Liêm Tự) nằm lừng chừng giữa vách núi Giếng Tiền dựng đứng, tìm hiểu về sự tích và sự hình thành ngôi chùa. Đồng Thời Du Khách chinh phục ngọn núi lửa Giếng Tiền và lắng nghe câu chuyện về Bàn Cờ Tiên. Khám phá Hòn Đụn và biết được cách người ngư dân Lý Sơn định hướng khi đi biển. Trên đỉnh núi Quý Khách ngắm nhìn những cánh đồng Tỏi, Hành, Biển và tiếng sóng rì rào dưới chân núi và tìm hiểu thêm kinh nghiệm canh tác Tỏi, Hành của người nông dân trên Đảo Lý Sơn. \\n      17h30: Đoàn khám phá địa danh Đường Bích Họa Bờ Kè và đón Hoàng Hôn tại Cổng Tò Vò (Cổng Mặt Trời) có hình dạng vòm cung và được tạo thành từ nham thạch của núi lửa cách đây hàng triệu năm. Đây là một địa điểm lý tưởng để có những tấm ảnh ấn tượng lúc hoàng hôn với hình dáng độc đáo và là một tạo tác của thiên nhiên, chưa từng chịu tác động của con người.\\n      18h30: Đoàn dùng cơm tối tại nhà hàng.\\n      19h00: Đoàn tự do khám phá về đêm và mua đặc sản Lý Sơn về làm quà, biếu tặng người thân.\\n       22h00: Đoàn trở lại Khách Sạn nghỉ ngơi.'),(3,1,'Ngày 2','2022-08-27','ĐẢO BÉ LÝ SƠN - MALDIVES VIỆT NAM - ĐÀ NẴNG (Ăn trưa)','06h00: Đoàn dùng điểm tâm sáng + Cà Phê\\n      07h00: Đoàn xuống tàu đi tham quan Đảo Bé – An Bình.\\n      08h00: Đoàn tham quan và chụp ảnh tại Bãi Trước, Mum Tàu, Hòn Đụn, cầu Tình Yêu\\n      08h30: Đoàn tiếp tục di chuyển đến Hang Bãi Sau tham quan, chụp ảnh và hòa mình vào làn nước trong xanh, du khách có thể tự túc tham gia dịch vụ tắm biển nơi đây.\\n      09h30: Đoàn khám phá Bãi Tây – Cây Phong Ba, Làng Bích Họa\\n      11h00: Đoàn trở về Đảo Lớn.\\n      11h30: Đoàn dùng cơm trưa tại nhà hàng.\\n      13h -14h00: Đoàn lên tàu trở lại Cảng Sông Hàn, lúc 14h00:16h30 đến Đà Nẵng. chia tay đoàn. Kết thúc chương trình.\\nLưu ý: Chương trình có thể thay đổi cho phù hợp thực tế nhưng vẫn đảm bảo đầy đủ các điểm tham quan.'),(4,3,'Ngày 1','2022-08-11','LONG XUYÊN – HÀ TIÊN – PHÚ QUỐC - SUNSET SANATO BEACH CLUB','Xe đưa  Quý khách tham quan: \\n- Dinh Cậu - biểu tượng văn hoá và tín ngưỡng của đảo Phú Quốc, là nơi cầu may mắn, cầu an lành và là nơi ngư dân địa phương gởi gắm niềm tin cho một chuyến ra khơi đánh bắt đầy ắp cá khi trở về. \\n- Viếng Dinh Bà Thủy Long Thánh Mẫu là nơi thờ Thần Nữ Kim Giao, người phụ nữ được người dân Phú Quốc rất mực tôn kính vì có công khai phá huyện đảo này. \\n- Chùa Sư Muôn (Hùng Long Tự) - để cầu nguyện sự an lành và hạnh phúc đến với gia đình. \\n- Làng Chài Hàm Ninh nằm phía Đông Đảo tại đây Quý khách được hướng dẫn viên giới thiệu về cuộc sống của người dân xứ đảo với nghề đánh bắt hải sản. \\n- Tham quan Sunset Sanato Beach Club sở hữu vị thế đắc địa nhất, khu vui chơi nằm ngay trung tâm của Bãi Trường. Nơi đây, sóng biển dịu êm như một dòng sông, bạn sẽ thấy mình được hưởng trọn vẹn hương vị mặn mòi của biển và mát lành của những hoang sơ còn vương vấn, đến đây du khách sẽ được thưởng ngoạn phong cảnh biển tuyệt đẹp, những góc ảnh check-in cực chất, tự do tắm biển, hòa nhịp trong những bản nhạc sôi động. \\nNghỉ đêm tại Phú Quốc. \\n'),(5,3,'Ngày 2','2022-08-12','DƯƠNG ĐÔNG - BÃI SAO','Xe đưa Quý khách đến tham quan tắm biển Bãi Sao nằm ở phía Nam Đảo - một bãi biển dịu êm, bãi cát dài tĩnh lặng và nguyên sơ nơi đảo xanh. Tại đây Quý khách sẽ thật sự cảm thấy yên bình, thư thái và dường như cuộc sống chậm lại khi hòa mình cùng thiên nhiên. \\n  Ăn trưa, về lại khách sạn tự do nghỉ ngơi. Trên đường về, Quý khách Tham quan Vườn Tiêu, Nhà Thùng làm nước mắm, Cơ Sở nuôi cấy Ngọc Trai.\\nBuổi chiều, Quý khách tự do tham quan (chi phí tự túc) Công Viên Chủ Đề VINWONDERS PHÚ QUỐC - Du khách sẽ lạc vào “Thế Giới Cổ Tích” thông qua những trò chơi tương tác lần đầu tiên xuất hiện tại Việt Nam được thiết kế dựa trên những câu chuyện cổ tích nổi tiếng trên Thế giới và Việt Nam. VINWONDERS còn chiêu đãi cho du khách những tiết mục nghệ thuật vô cùng đặc sắc như “Vũ Điệu Hawaii” trầm hùng, ma mị - Thể hiện nghi thức tế lễ của người Hawaii tại công viên nước; “Trống Trận Viking” hào hùng - toát lên tinh thần mạnh mẽ của người Viking; và không thể bỏ qua“Vũ Điệu Maya” đầy kịch tính tại khu cảm giác mạnh - Tái hiện màn săn bắn của nhóm người bộ tộc Maya; “Show Tương Tác Cùng Nhân Vật Vận Hành” sôi nổi, hài hước - Sử dụng dụng cụ lao động làm đạo cụ, theo slogan “Mỗi người lao động là một nghệ sĩ”. VINWONDERS còn được mệnh danh là công viên của những trải nghiệm lần đầu tiên tại Việt Nam:\\n-    Thế Giới Diệu Kỳ - Một thế giới cổ tích 5 Châu đầy màu sắc diệu kỳ với các trò chơi tương tác nằm trong những xu hướng mới nhất trên thế giới: Alice lạc vào xứ thần tiên, Sải cánh đại bàng; Cuộc chiến chằn tinh\\n-    Khu Làng Bí Mật - Du khách sẽ lênh đênh trên dòng sông khám phá những bí mật ẩn chứa trong các ngôi làng Viking hay thử sức với các trò leo trèo mạo hiểm len lỏi trong rừng cây, cây cầu dây treo và các đường zipline xuyên rừng (56 thử thách vận động – 3 cấp độ & zipline xuyên rừng với độ cao 10 mét phù hợp với nhiều lứa tuổi).\\n-    Khám Phá Thế Giới Phiêu Lưu thông qua các trò chơi: Đôi cánh Icarus, Ma thuật Xibalba, Vũ điệu báo đốm, Cơn thịnh nộ của Zues.\\n-    Khu Thế Giới Lốc Xoáy: được thiết kế theo vùng đất Hawaii đầy màu sắc cùng các đường trượt khủng lần đầu có mặt tại Việt Nam như Trò chơi khủng Cú Rơi Thần Tốc, Dũng Sĩ Tia, Sóng Thần Oahu - Bể tạo sóng khổng lồ với cát trắng và nắng vàng\\nHay trải nghiệm tại Vườn Thú Hoang Dã đầu tiên tại Việt Nam với quy mô 180ha, hơn 130 loài động vật quý hiếm và các chương trình Biểu diễn động vật, Chụp ảnh với động vật, Khám phá và trải nghiệm Vườn thú mở trong rừng tự nhiên, gần gũi và thân thiện với con người. \\nQuý khách tự túc ăn tối.\\nNghỉ đêm tại khách sạn.\\n'),(6,3,'Ngày 3','2022-08-13','PHÚ QUỐC – HÀ TIÊN - LONG XUYÊN','Quý khách tự do tắm biển nghỉ ngơi tại khách sạn cho đến giờ làm thủ tục trả phòng. Xe đưa Quý khách ra bến tàu làm thủ tục lên tàu cao tốc về Hà Tiên. Tại Hà Tiên xe đón Quý khách và đưa về Long Xuyên. Hướng dẫn viên tiễn Quý khách về điểm hẹn ban đầu. Kết thúc chuyến tham quan và hẹn gặp lại\\nLưu ý:\\n  ✓ Đảm bảo nguyên tắc 5K, khử khuẩn.\\n✓ Vận chuyển không quá 50% số ghế, không quá 20 khách/1 xe (bao gồm cả tài xế), tuân thủ ngồi giãn cách trên xe và đeo khẩu trang suốt quá trình di chuyển.\\n✓ Thẻ xanh covid (khách đã tiêm vaccine ngừa covid đủ liều, thời gian hoàn tất mũi 2 trước 14 ngày và không quá 12 tháng), khách là FO đã khỏi bệnh (có giấy chứng nhận của Sở Y Tế và không quá 06 tháng).\\n✓ Xét nghiệm covid theo yêu cầu của từng tỉnh vào thời điểm đặt dịch vụ. Vui lòng liên hệ với nhân viên tư vấn để biết thêm chi tiết.\"'),(15,5,'Ngày 1','2022-08-12','TP. HCM - MỸ THO - CỒN THỚI SƠN - BẾN TRE - “SỞ THÚ THU NHỎ CỦA TIỀN GIANG” (Ăn trưa)','Quý khách tập trung tại Vietravel (190 Pasteur, P.Võ Thị Sáu, Q.3, TP.HCM), đoàn khởi hành đến Tiền Giang tham quan chùa Vĩnh Tràng - ngôi chùa thờ phật lớn nhất tỉnh Tiền Giang, được xếp hạng di tích lịch sử - văn hóa cấp quốc gia năm 1984. Chùa mang dáng vẻ kiến trúc châu Á pha lẫn châu Âu, bên trong chùa vẫn mang đậm lối kiến trúc điêu khắc truyền thống Việt Nam.\\n  Di chuyển đến bến tàu du lịch Mỹ Tho bắt đầu hành trình du ngoạn trên sông Mekong:\\n- Chiêm ngưỡng Cầu Rạch Miễu: cầu dây văng đầu tiên do kỹ sư Việt Nam thiết kế và xây dựng, nghe giới thiệu các cù lao Long - Lân - Quy - Phụng.\\n-  Ngắm nhìn cảng cá Mỹ Tho, làng nuôi cá bè dọc sông Tiền, thưởng thức nước dừa tươi trên tàu.\\n- Đến cù lao Thới Sơn, tản bộ trên đường làng, tham quan vườn cây ăn trái, thưởng thức các loại trái cây theo mùa và nghe đờn ca tài tử Nam Bộ.\\n- Đi xuồng chèo len lỏi trong rạch nhỏ ngắm nhìn phong cảnh bình dị vùng sông nước, đến tham quan trại nuôi ong mật, thưởng thức trà mật ong, rượu chuối hột…\\n- Tiếp tục, xuôi dòng sông Tiền đến Tân Thạch (Bến Tre) tham quan lò kẹo dừa đặc sản Bến Tre, làng nghề thủ công mỹ nghệ truyền thống. Dùng đò máy khám phá con Rạch (Tân Thạch) tìm hiểu cuộc sống thường nhật của người dân miền quê. \\n- Sau khi ăn trưa, đoàn nằm võng nghỉ ngơi, tham quan trại nuôi cá sấu, nhím, ếch… và đi xe đạp quan vườn dừa… Ngoài ra, Quý khách có thể tham gia các trò chơi dân gian như: đi dây, đu dây, chạy xe đạp mạo hiểm qua ván, đua xuồng chèo trên hồ, nhảy xa.\\nVề lại bến tàu, đoàn khởi hành tham quan:\\n- Trại Rắn Đồng Tâm được ví như “Sở thú thu nhỏ của Tiền Giang”: với diện tích phủ xanh hơn 30 ha, nơi đây không chỉ là viện bảo tàng rắn lớn nhất Việt Nam, du khách còn có thể khám phá không gian sinh sống của nhiều loài thú khác như kangaroo, rồng đất, vượn má vàng, chồn hương, đà điểu, gấu chó, hổ… và những chú trăn khổng lồ.\\nQuý khách khởi hành về TP.HCM, xe đưa đoàn về điểm đón ban đầu, kết thúc chương trình du lịch.'),(16,6,'Ngày 1','2022-08-12','TP.HCM - TÂY NINH - SUN WORLD BA DEN MOUNTAIN - CHINH PHỤC NÓC NHÀ NAM BỘ - QUẦN THỂ TÂM LINH CHÙA BÀ (Ăn sáng, trưa)','Hướng dẫn viên và xe đón Quý khách tại Vietravel (190 Pasteur, Quận 3, TP.HCM) khởi hành đi Tây Ninh. Đến Quần thể danh thắng núi Bà Đen - nổi tiếng với cảnh sắc thiên nhiên hoang sơ và quần thể kiến trúc tâm linh lâu đời. Bên cạnh đó, du khách có thể check-in nhà ga cáp treo lớn nhất thế giới, với tuyến cáp treo hiện đại hành trình chiêm bái và chinh phục ngọn núi cao nhất vùng Đông Nam Bộ của du khách thập phương trở nên dễ dàng hơn bao giờ hết. Chương trình bao gồm vé tham quan 2 tuyến cáp treo Vân Sơn và Chùa Hang.\\n- Trải nghiệm tuyến cáp treo Vân Sơn đưa du khách xuyên mây, hòa mình vào cảnh vật thiên nhiên hùng vĩ để chinh phục ngọn núi cao nhất vùng Đông Nam Bộ. Hành trình lên đỉnh núi thiêng sẽ mang đến cho du khách những trải nghiệm tuyệt vời với tầm nhìn 360 độ ngắm trọn Tây Ninh, chạm tay vào cột mốc 986 mét... Đặc biệt, đồ sộ nhất là công trình tâm linh tượng Phật Bà “Tây Bổ Đà Sơn” bằng đồng cao nhất Châu Á - với hệ thống các đĩa nước trải dài xuống bên dưới và khu trưng bày triển lãm Phật giáo quy mô 4 tầng dưới chân tượng phật Bà.\\n12h00 Quý khách thưởng thức bữa trưa tại Sun World Ba Den Mountain.\\n- Trải nghiệm tuyến cáp treo Chùa Hang đưa du khách đến Quần Thể Tâm Linh Chùa Bà: ở độ cao 350 mét giữa lưng chừng núi là quần thể kiến trúc hang động, chùa chiền mang nét đẹp thiên phú và nhân tạo với nhiều truyền thuyết ly kỳ, bí ẩn gồm chùa Bà, chùa Hang, động Hoàng Chung, chùa Trung, chùa Mới… Những ngôi chùa cổ và di tích lịch sử linh thiêng tại Núi Bà đã được công nhận là Di tích lịch sử văn hóa và danh lam thắng cảnh cấp quốc gia. \\nTrước khi khởi hành về TP.HCM, xe đưa Quý khách tham quan:\\n- Cơ sở Hoàn Ngọc 7 Nga - Tây Ninh: xem phim tư liệu về công trình nghiên cứu từ nuôi trồng, chăm sóc, thu hoạch cho đến quy trình sản xuất ra các thành phẩm có lợi ích tuyệt vời cho sức khỏe của cây Hoàn Ngọc. Du khách tiếp tục tham quan dây chuyền ứng dụng khoa học công nghệ đạt chất lượng cao vào trong sản xuất rượu Đông Trùng Hạ Thảo.\\nTạm biệt Tây Ninh, xe đưa Quý khách về điểm đón ban đầu. Kết thúc chương trình du lịch'),(17,7,'Ngày 1','2022-08-13','TP. HỒ CHÍ MINH - ĐÀ LẠT (Ăn sáng, trưa, chiều)','Quý khách tập trung tại Vietravel (190 Pasteur, phường Võ Thị Sáu, Quận 3), xe và hướng dẫn viên đón đoàn khởi hành đi Đà Lạt. Đến nơi đoàn tham quan:\\n●    Quảng trường Lâm Viên: công trình có hướng tuyệt đẹp nhìn thẳng ra hồ Xuân Hương với một nụ hoa Atiso cao 15 m và đóa hoa dã quỳ 18 m đang thu hút nhiều bạn trẻ đến khám phá và chụp hình.\\nSau bữa tối, đoàn tự do uống café quanh khu vực Hồ Xuân Hương hay thưởng thức ly sữa đậu nành nóng hổi, bánh tráng nướng đặc sản Đà Lạt khu vực Tăng Bạt Hổ. Nghỉ đêm tại Đà Lạt.'),(18,7,'Ngày 2','2022-08-14','ĐÀ LẠT - ĐỒI CHÈ CẦU ĐẤT - GA ĐÀ LẠT (Ăn sáng, trưa, tự túc ăn chiều)','Đoàn dùng bữa sáng, xe đưa đoàn tham quan:\\n•    Đồi chè Cầu Đất: check in những cột tubin điện gió sừng sững giữa nền trời biếc xanh xen kẽ những luống chè xanh non mơn mởn trồng san sát nhau tạo nên một khung cảnh đẹp và lãng mạn như ở trời Âu.\\n•    Ixora Coffee: tọa độ sống ảo mới cực chill giữa Đà Lạt sở hữu khu vực rộng lớn với tràn ngập hoa, những chiếc xích đu, đôi cánh thiên thần hay hồ nước nhỏ xinh lên hình cực bắt mắt.\\n•    Ga Đà Lạt: nhà ga cổ kính nhất Việt Nam và Đông Dương, có phong cách kiến trúc độc đáo với ba mái hình chóp cách điệu như ba đỉnh núi Langbiang và nhà rông Tây Nguyên.\\nNghỉ đêm tại Đà Lạt.\\n '),(19,7,'Ngày 3','2022-08-15','ĐÀ LẠT - NHÀ THỜ CON GÀ - DINH I - TP. HỒ CHÍ MINH (Ăn sáng, trưa)','Quý khách tự do dùng bữa sáng, đoàn khởi hành tham quan:\\n•    Nhà thờ Con Gà:  đây là một trong những công trình kiến trúc tôn giáo với phong cách kiến trúc đặc trưng và tiêu biểu được coi là cổ xưa nhất của Đà Lạt. Được xây dựng từ thời Pháp nhưng đến nay vẫn giữ nguyên được nét hiện trạng ban đầu.\\n•    Dinh I: còn được biết đến là Dinh Bảo Đại 1 – King Palace. Tọa lạc tại một ngon đồi xung quanh được bao bọc bởi những rừng thông xanh biếc. Cùng với đó lại nằm cách xa vị trí mặt tiền đường chính. Cho nên khung cảnh cũng như không gian nơi đây trở nên thơ mộng và yên bình hơn bao giờ hết.\\nSau khi tham quan  khởi hành về TPHCM , trên đường dừng ăn trưa tại Bảo Lộc . Kết thúc chia tay đoàn '),(20,8,'Ngày 1','2022-08-14','TP. HỒ CHÍ MINH - THÁC BOBLA - ĐÀ LẠT (Ăn sáng, trưa, tối)','Quý khách tập trung tại Vietravel (190 Pasteur, phường Võ Thị Sáu, quận 3, TP.HCM), xe đưa đoàn khởi hành đi Đà Lạt. Sau khi dùng bữa trưa tại Bảo Lộc, đến Di Linh đoàn tham quan:\\nThác Bobla: đẹp như một bức tranh thiên nhiên với dòng thác nguyên sơ, hùng vĩ cao hơn 40m, rộng hơn 20m, cùng cảnh quan được tôn tạo tuyệt đẹp, lưu giữ nhiều cây cổ thụ hàng trăm năm tuổi, phía xa hút tầm mắt là những đồi chè, cà phê xanh mát.\\nĐến Đà Lạt đoàn nhận phòng nghỉ ngơi. Buổi tối, Quý khách tự do thưởng thức café ngắm hồ Xuân Hương về đêm. Nghỉ đêm tại Đà Lạt.\\n '),(21,8,'Ngày 2','2022-08-15','ĐÀ LẠT - KIM NGÂN HILLS - QUÊ GARDEN (Ăn sáng, trưa, tối)','Đà Lạt chào đón du khách với du khách với không khí lạnh tràn về, sau khi dùng bữa sáng, xe đưa đoàn tham quan:\\nKim Ngân Hills: nổi bật với vườn thú kết hợp với không gian cà phê view rừng thông ấn tượng, xen kẻ là vườn hoa Xác Pháo, Thạch Thảo, Cẩm Tú Cầu để du khách thỏa thích check-in. Vườn thú Kim Ngân Hills đang nuôi giữ và bảo tồn nhiều loài động vật độc lạ như lạc đà Alpaca, hươu sao, ngựa Ponny, cừu Valis, chó Corgi... Ngoài ra, nơi đây còn sở hữu khu vực nuôi chim lớn nhất tỉnh Lâm Đồng với nhiều loài chim như yến phụng, sáo, cu đất, két.... Tiếp tục, du khách khám phá khu “Ký ức thời bao cấp” gợi cảm xúc hoài niệm về một thời quá khứ.\\nQuê Garden: nằm dưới chân đèo Mimosa, khu vườn mê mẩn người xem với cánh đồng hoa rộng lớn cùng nhiều loài hoa nổi tiếng tại Đà Lạt khoe sắc. Đặc biệt Quê Garden tự hào là khu vườn bonsai lá kim lớn nhất Việt Nam, những chậu cây bonsai vừa to vừa đẹp, được chăm sóc và uốn nắn kỹ lưỡng vô cùng đẹp mắt. Ngoài ra, hồ cá koi với view nhìn ra đồi thông là điểm check in cực chất mà du khách không thể bỏ qua.\\nBuổi tối Quý khách tự do tản bộ tham quan chợ đêm Đà Lạt về đêm. Nghỉ đêm tại Đà Lạt.\\n '),(22,8,'Ngày 3','2022-08-16','ĐÀ LẠT - PHÂN VIỆN SINH HỌC - CÁNH ĐỒNG HOA CẨM TÚ CẦU (Ăn sáng, trưa, ăn tối tự túc)','Sau khi dùng bữa sáng tại khách sạn, xe đưa đoàn tham quan:\\nPhân Viện Sinh Học: được biết đến như 1 tọa độ sống ảo mới tại Đà Lạt với góc ảnh bên những bức tường cổ kính. Không chỉ vậy, đến đây, du khách còn được tìm hiểu về môi trường sống, những nguồn gen quý qua hiện vật vô cùng phong phú, khu trưng bày xương, sừng, mô hình của các loài động vật quý hiếm như khủng long, voi, hổ, gấu, vượn, … hay tìm hiểu về sự vận hành của vũ trụ.\\nGallery Chocolate: với nhiều không gian trưng bày được thiết kế bởi màu sắc, tạo hình và hương vị đặc biệt từ nguồn nguyên liệu của Chocotea. Ấn tượng nhất là không gian nghệ thuật với 9 tác phẩm được tạo tác công phu từ chocolate như: “Bàn tiệc hoàng gia”, Cây Mai Anh Đào hay tác phẩm “Suối Hoa” tuyệt mỹ, … Du khách dùng thử chocolate để cảm nhận hương vị khác biệt từ hương đến sắc.\\nCánh đồng hoa cẩm tú cầu: ghi điểm trong mắt du khách nhờ vào khung cảnh thơ mộng xung quanh. Xa xa là rừng thông thơ mộng, còn ở dưới chân cầu vàng là cả cánh đồng rộng lớn được phủ kín bởi sắc trắng phớt xanh của hoa cẩm tú cầu, nổi bần bật trên nền xanh thẫm của lá.\\nBuổi tối Quý khách tự do tản bộ thưởng thức sữa đậu nành và bánh tráng nướng tại khu phố Tăng Bạt Hổ. Nghỉ đêm tại Đà Lạt\\n '),(23,8,'Ngày 4','2022-08-17','ĐÀ LẠT - MÊ LINH COFFEE - TP. HỒ CHÍ MINH (Ăn sáng, trưa)','Sau khi dùng bữa sáng tại khách sạn, xe đưa đoàn tham quan:\\n•    Mê Linh Coffee: được thiết kế với không gian mở có một tầm nhìn trọn vẹn 360 độ hướng rẫy cà phê bạt ngàn... Đặc biệt, thưởng thức một ly cà phê chồn nguyên chất với hương vị đậm đà đặc trưng của chất xạ hương (chi phí tự túc). Ngoài ra, Quý khách có thể check in những phiên bản thu nhỏ nhưng không kém phần sống động của những công trình nổi tiếng như cổng trời Bali, cổng trời Linh Quy Pháp Ấn, nấc thang lên thiên đường, tổ chim...\\nĐoàn dừng tại Bảo Lộc dùng cơm trưa, sau đó khởi hành về điểm đón ban đầu. Chia tay đoàn và kết thúc chương trình du lịch.\\nGhi chú:\\nHành trình có thể thay đổi thứ tự điểm đến tùy vào điều kiện thực tế. \\nLịch trình tham quan rất dễ bị ảnh hưởng bởi thời tiết. Đây là trường hợp bất khả kháng mong Quý khách hiểu và thông cảm.\\nĐây là chương trình du lịch trọn gói, Vietravel không có trách nhiệm hoàn trả chi phí chênh lệch cho các khách hàng thuộc diện miễn giảm hoặc đối tượng ưu tiên như trẻ nhỏ, người lớn tuổi, người có công với cách mạng… Chính sách miễn giảm, ưu tiên (nếu có) chỉ dành cho khách lẻ của các điểm tham quan.\\nĐiều kiện nhận khách: \\nĐảm bảo nguyên tắc 5K, khử khuẩn.\\nKhách tham gia tour phải có thẻ xanh covid (khách đã tiêm vaccines ngừa covid đủ liều, thời gian hoàn tất mũi 2 trước 14 ngày và không quá 12 tháng), khách là FO đã khỏi bệnh trong vòng 06 tháng tính đến thời điểm về địa phương (có giấy ra viện/giấy xác nhận khỏi bệnh của Sở Y Tế).\\nTrẻ em (đi cùng ba mẹ) phải xét nghiệm covid và có giấy xác nhận âm tính của cơ sở Y tế trước ngày khởi hành 24h (chi phí xét nghiệm tự túc).'),(24,9,'Ngày 1','2022-08-14','TP.HCM - PHÚ QUỐC - GRAND WORLD (Ăn chiều)','Quý khách tập trung tại Sân bay Tân Sơn Nhất, ga đi trong nước. Hướng dẫn viên làm thủ tục cho Quý khách chuyến bay chiều phút đi Phú Quốc. Xe đón đoàn tại sân bay đưa về khách sạn nhận phòng tại Resort 5 sao Radisson Blu.\\nBuổi tối, Quý khách có thể tự do khám phá một số hạng mục nổi bật tại khu Grand World như: công trình tre, công viên nghệ thuật đương đại thuộc Open Park…; tản bộ bên dòng “kênh đào Venice” và nhìn ngắm những chiếc thuyền Gondola, khu phố shophouse lộng lẫy sắc màu, cổng lâu đài tráng lệ, ba cây cầu vòm bán nguyệt...; Thưởng thức bữa tiệc ánh sáng đỉnh cao với show “Sắc màu Venice” (show diễn có thể thay đổi tùy theo tình hình thực tế)\\nNghỉ đêm tại Radison Blu.'),(25,9,'Ngày 2','2022-08-15','VƯỜN THÚ BÁN HOANG DÃ VINPEARL SAFARI - VUI CHƠI THỎA THÍCH TẠI CÔNG VIÊN CHỦ ĐỀ VINWONDERS PHÚ QUỐC (Ăn sáng, trưa, chiều)','Sau khi dùng bữa sáng tại Radison Blu, Quý khách sẽ đến khám phá Vinpearl Safari Phú Quốc - Vườn thú hoang dã đầu tiên tại Việt Nam: với quy mô 180 ha, hơn 130 loài động vật quý hiếm, du khách thưởng thức các chương trình biểu diễn, chụp ảnh với động vật; trải nghiệm vườn thú mở trong rừng tự nhiên, gần gũi và thân thiện với con người.\\nBuổi chiều, Quý khách tham quan Khu vui chơi giải trí VinWonders - du khách sẽ lạc vào “Thế Giới Cổ Tích” thông qua những trò chơi tương tác lần đầu tiên xuất hiện tại Việt Nam với 6 chủ đề khác nhau: Khu Cảm Giác Mạnh - Thế Giới Phiêu Lưu; Khu Công Viên Nước - Thế Giới Lốc Xoáy; Khu Lâu Đài Trung Tâm - Châu Âu Trung Cổ; Khu Cổ Tích - Thế Giới Diệu Kỳ; Khu Viking - Ngôi Làng Bí Mật.\\nNghỉ đêm tại Radison Blu.'),(26,9,'Ngày 3','2022-08-16','PHÚ QUỐC - TP.HCM (Ăn sáng, trưa)','Sau khi dùng bữa sáng tại Radison Blu, Quý khách trả phòng và khởi hành tham quan:\\n- Dinh Cậu: biểu tượng văn hoá và tín ngưỡng của đảo Phú Quốc. Nơi ngư dân địa phương gởi gắm niềm tin cho một chuyến ra khơi đánh bắt đầy ắp cá khi trở về. Sau đó, đoàn viếng Dinh Bà Thủy Long Thánh Mẫu - thờ Thần Nữ Kim Giao, người phụ nữ được người dân Phú Quốc rất mực tôn kính vì có công khai phá huyện đảo này.\\n- Tham quan và mua sắm đặc sản nổi tiếng tại vườn Tiêu; nhà thùng nước mắm; đặc sản khô; cơ sở sản xuất ngọc trai Phú Quốc - trưng bày các trang sức bằng ngọc trai chính hiệu được nuôi cấy tại Phú Quốc. \\nSau khi tham quan, xe đưa Quý khách đi ăn trưa và ra sân bay Phú Quốc đáp chuyến bay trở về TP.HCM. Chia tay Quý khách và kết thúc chương trình du lịch tại sân bay Tân Sơn Nhất.\\n  \\\"********************\\nQuý khách lưu ý\\n- Giờ bay phụ thuộc vào hãng hàng không, số bữa ăn phụ thuộc vào giờ bay\\n- Nếu chuyến bay ngày thứ 3 trong chương trình về chuyến buổi sáng thì bữa ăn trưa ngày thứ 3 sẽ được chuyển sang ngày thứ 1. \\n- Đây là chương trình du lịch trọn gói, Vietravel không có trách nhiệm hoàn trả chi phí chênh lệch cho các khách hàng thuộc diện miễn giảm hoặc đối tượng ưu tiên như trẻ nhỏ, người lớn tuổi, người có công với cách mạng… Chính sách miễn giảm, ưu tiên (nếu có) chỉ dành cho khách lẻ của các điểm tham quan.'),(27,10,'Ngày 1','2022-08-14','TP.HCM - PHÚ QUỐC (Ăn 1 bữa: chiều)','Quý khách tập trung tại Sân bay Tân Sơn Nhất, ga đi trong nước. Hướng dẫn viên làm thủ tục cho Quý khách đáp chuyến bay đi Phú Quốc. Xe đón đoàn tại sân bay đưa Quý khách tham quan: \\n-    Dinh Cậu: biểu tượng văn hoá và tín ngưỡng của đảo Phú Quốc. Nơi ngư dân địa phương gởi gắm niềm tin cho một chuyến ra khơi đánh bắt đầy ắp cá khi trở về. Sau đó, đoàn viếng dinh Bà Thủy Long Thánh Mẫu - thờ thần Nữ Kim Giao, người phụ nữ được người dân Phú Quốc rất mực tôn kính vì có công khai phá huyện đảo này.\\n-    Chùa Sư Muôn (Hùng Long Tự): ngôi chùa có kiến trúc dân gian, nằm trên triền núi, mặt hướng ra biển, xung quanh cây cối xanh tốt. Đến đây du khách cảm nhận vẻ đẹp thanh tịnh, bình yên và cầu nguyện sự an lành và hạnh phúc đến với gia đình.\\n-    Trại rắn Đồng Tâm 2: trung tâm nghiên cứu và bảo tồn các loại rắn quý trên đảo. Tại đây, Quý khách được nghe giới thiệu, tìm hiểu về các loài rắn: rắn hổ mang, rắn hổ chúa, rắn cạp nong, rắn lục đuôi đỏ… và trải nghiệm chụp hình với những con trăn đã được thuần hóa.\\nXe sẽ đưa Quý khách ăn tối tại khu vực Hàm Ninh.\\nSau khi ăn tối, Quý khách tự do dạo chợ đêm Phú Quốc - thưởng thức hải sản (chi phí tự túc).\\nNghỉ đêm tại Phú Quốc.'),(28,10,'Ngày 2','2022-08-15','PHÚ QUỐC - HÒN THƠM - TRẢI NGHIỆM CÁP TREO VƯỢT BIỂN (Ăn 3 bữa: sáng, trưa, chiều)','Sau khi ăn sáng, xe đưa đoàn đến nhà ga cáp treo An Thới đi Sun World Hon Thom Nature Park với những trải nghiệm thú vị:\\n-    Trải nghiệm cáp treo 3 dây vượt biển dài nhất thế giới - 7.899.9 mét.\\n-    Phấn khích tột độ cùng thử thách \\\"Mộc Xà thịnh nộ\\\" - trò chơi tàu lượn bằng gỗ đầu tiên tại Việt Nam, có tốc độ tối đa 80km/h với nhiều góc lượn ngọan mục; đài quan sát \\\"Mắt đại bàng\\\" cao 120m - du khách như được bay lên không trung, thưởng ngoạn đại dương xanh ngắt bao la, những cánh rừng nhiệt đới xanh mướt, những đảo nhỏ nhấp nhô giữa biển trời khoáng đạt (trò chơi có thể tạm dừng vì lịch bảo trì)\\n-    Thỏa thích tắm biển hòn Thơm: một trong những bãi biển “quyến rũ nhất hành tinh”, với bãi cát trắng mịn, hoang sơ, hàng dừa nghiêng soi bóng, màu nước biển xanh màu ngọc bích, phản chiếu long lanh dưới ánh nắng mặt trời.\\n-    Tham gia các hoạt động giải trí trên biển: kayak, jetki, dù lượn, phao chuối (chi phí tự túc).\\n-    Vui chơi tại công viên nước Aquatopia: một trong những công viên nước chủ đề hàng đầu Đông Nam Á, trải nghiệm 6 khu check-in chủ đề hấp dẫn mang phong cách thổ dân huyền bí.\\n  Xe đưa Quý khách tham quan và mua sắm đặc sản nổi tiếng tại vườn tiêu Đức Thạnh, nhà thùng nước mắm Hồng Đức 1, đặc sản khô, cơ sở sản xuất ngọc trai Phú Quốc - Trưng bày các trang sức bằng ngọc trai chính hiệu được nuôi cấy tại Phú Quốc.\\nNghỉ đêm tại Phú Quốc.'),(29,10,'Ngày 3','2022-08-16','PHÚ QUỐC - BÃI SAO - TP.HCM (Ăn 2 bữa: sáng, trưa)','Quý khách dùng bữa sáng, xe đưa Quý khách đến tham quan tắm biển bãi Sao nằm ở phía Nam đảo - một bãi biển dịu êm, bãi cát dài tĩnh lặng và nguyên sơ nơi đảo xanh. Tại đây Quý khách sẽ thật sự cảm thấy yên bình, thư thái và dường như cuộc sống chậm lại khi hòa mình cùng thiên nhiên.\\nXe đưa đoàn ra sân bay Phú Quốc đáp chuyến bay trở về TP.HCM. Chia tay Quý khách và kết thúc chương trình du lịch tại sân bay Tân Sơn Nhất.\\nĐiều kiện nhận khách\\n- Tất cả các khách đều phải khai báo y tế (mục khai di chuyển nội địa) trên ứng dụng PC-Covid, việc khai hộ chỉ áp dụng cho khách đi chung chuyến bay.\\n- Nhận khách địa phương/ ngoại tỉnh từ địa phương nguy cơ thấp và trung bình (xanh và vàng)\\n- Đảm bảo nguyên tắc 5K, khử khuẩn.\\n- Quý khách đã hoàn thành tiêm 2 mũi vaccine ngừa Covid-19 và có thẻ xanh hoặc giấy xác nhận tiêm chủng (mũi thứ 2 đủ 14 ngày so với ngày khởi hành) hoặc Quý khách đã khỏi bệnh có giấy xác nhận trong vòng 6 tháng.\\nQuý khách lưu ý\\n- Giờ bay phụ thuộc vào hãng hàng không, số bữa ăn phụ thuộc vào giờ bay\\n- Nếu chuyến bay ngày thứ 3 trong chương trình về chuyến buổi sáng thì bữa ăn trưa ngày thứ 3 sẽ được chuyển sang ngày thứ 1. \\n- Đây là chương trình du lịch trọn gói, Vietravel không có trách nhiệm hoàn trả chi phí chênh lệch cho các khách hàng thuộc diện miễn giảm hoặc đối tượng ưu tiên như trẻ nhỏ, người lớn tuổi, người có công với cách mạng… Chính sách miễn giảm, ưu tiên (nếu có) chỉ dành cho khách lẻ của các điểm tham quan.'),(30,11,'Ngày 1','2022-08-15','TP. HỒ CHÍ MINH - THÁC BOBLA - ĐÀ LẠT (Ăn sáng, trưa, tối)','Quý khách tập trung tại Vietravel (190 Pasteur, phường Võ Thị Sáu, quận 3, TP.HCM), xe đưa đoàn khởi hành đi Đà Lạt. Sau khi dùng bữa trưa tại Bảo Lộc, đến Di Linh đoàn tham quan:\\nThác Bobla: đẹp như một bức tranh thiên nhiên với dòng thác nguyên sơ, hùng vĩ cao hơn 40m, rộng hơn 20m, cùng cảnh quan được tôn tạo tuyệt đẹp, lưu giữ nhiều cây cổ thụ hàng trăm năm tuổi, phía xa hút tầm mắt là những đồi chè, cà phê xanh mát.\\nĐến Đà Lạt đoàn nhận phòng nghỉ ngơi. Buổi tối, Quý khách tự do thưởng thức café ngắm hồ Xuân Hương về đêm. Nghỉ đêm tại Đà Lạt.\\n '),(31,11,'Ngày 2','2022-08-16','ĐÀ LẠT - KIM NGÂN HILLS - QUÊ GARDEN (Ăn sáng, trưa, tối)','Đà Lạt chào đón du khách với du khách với không khí lạnh tràn về, sau khi dùng bữa sáng, xe đưa đoàn tham quan:\\nKim Ngân Hills: nổi bật với vườn thú kết hợp với không gian cà phê view rừng thông ấn tượng, xen kẻ là vườn hoa Xác Pháo, Thạch Thảo, Cẩm Tú Cầu để du khách thỏa thích check-in. Vườn thú Kim Ngân Hills đang nuôi giữ và bảo tồn nhiều loài động vật độc lạ như lạc đà Alpaca, hươu sao, ngựa Ponny, cừu Valis, chó Corgi... Ngoài ra, nơi đây còn sở hữu khu vực nuôi chim lớn nhất tỉnh Lâm Đồng với nhiều loài chim như yến phụng, sáo, cu đất, két.... Tiếp tục, du khách khám phá khu “Ký ức thời bao cấp” gợi cảm xúc hoài niệm về một thời quá khứ.\\nQuê Garden: nằm dưới chân đèo Mimosa, khu vườn mê mẩn người xem với cánh đồng hoa rộng lớn cùng nhiều loài hoa nổi tiếng tại Đà Lạt khoe sắc. Đặc biệt Quê Garden tự hào là khu vườn bonsai lá kim lớn nhất Việt Nam, những chậu cây bonsai vừa to vừa đẹp, được chăm sóc và uốn nắn kỹ lưỡng vô cùng đẹp mắt. Ngoài ra, hồ cá koi với view nhìn ra đồi thông là điểm check in cực chất mà du khách không thể bỏ qua.\\nBuổi tối Quý khách tự do tản bộ tham quan chợ đêm Đà Lạt về đêm. Nghỉ đêm tại Đà Lạt.\\n '),(32,11,'Ngày 3','2022-08-17','ĐÀ LẠT - PHÂN VIỆN SINH HỌC - CÁNH ĐỒNG HOA CẨM TÚ CẦU (Ăn sáng, trưa, ăn tối tự túc)','Sau khi dùng bữa sáng tại khách sạn, xe đưa đoàn tham quan:\\nPhân Viện Sinh Học: được biết đến như 1 tọa độ sống ảo mới tại Đà Lạt với góc ảnh bên những bức tường cổ kính. Không chỉ vậy, đến đây, du khách còn được tìm hiểu về môi trường sống, những nguồn gen quý qua hiện vật vô cùng phong phú, khu trưng bày xương, sừng, mô hình của các loài động vật quý hiếm như khủng long, voi, hổ, gấu, vượn, … hay tìm hiểu về sự vận hành của vũ trụ.\\nGallery Chocolate: với nhiều không gian trưng bày được thiết kế bởi màu sắc, tạo hình và hương vị đặc biệt từ nguồn nguyên liệu của Chocotea. Ấn tượng nhất là không gian nghệ thuật với 9 tác phẩm được tạo tác công phu từ chocolate như: “Bàn tiệc hoàng gia”, Cây Mai Anh Đào hay tác phẩm “Suối Hoa” tuyệt mỹ, … Du khách dùng thử chocolate để cảm nhận hương vị khác biệt từ hương đến sắc.\\nCánh đồng hoa cẩm tú cầu: ghi điểm trong mắt du khách nhờ vào khung cảnh thơ mộng xung quanh. Xa xa là rừng thông thơ mộng, còn ở dưới chân cầu vàng là cả cánh đồng rộng lớn được phủ kín bởi sắc trắng phớt xanh của hoa cẩm tú cầu, nổi bần bật trên nền xanh thẫm của lá.\\nBuổi tối Quý khách tự do tản bộ thưởng thức sữa đậu nành và bánh tráng nướng tại khu phố Tăng Bạt Hổ. Nghỉ đêm tại Đà Lạt\\n '),(33,11,'Ngày 4','2022-08-18','ĐÀ LẠT - MÊ LINH COFFEE - TP. HỒ CHÍ MINH (Ăn sáng, trưa)','Sau khi dùng bữa sáng tại khách sạn, xe đưa đoàn tham quan:\\n•    Mê Linh Coffee: được thiết kế với không gian mở có một tầm nhìn trọn vẹn 360 độ hướng rẫy cà phê bạt ngàn... Đặc biệt, thưởng thức một ly cà phê chồn nguyên chất với hương vị đậm đà đặc trưng của chất xạ hương (chi phí tự túc). Ngoài ra, Quý khách có thể check in những phiên bản thu nhỏ nhưng không kém phần sống động của những công trình nổi tiếng như cổng trời Bali, cổng trời Linh Quy Pháp Ấn, nấc thang lên thiên đường, tổ chim...\\nĐoàn dừng tại Bảo Lộc dùng cơm trưa, sau đó khởi hành về điểm đón ban đầu. Chia tay đoàn và kết thúc chương trình du lịch.\\nGhi chú:\\nHành trình có thể thay đổi thứ tự điểm đến tùy vào điều kiện thực tế. \\nLịch trình tham quan rất dễ bị ảnh hưởng bởi thời tiết. Đây là trường hợp bất khả kháng mong Quý khách hiểu và thông cảm.\\nĐây là chương trình du lịch trọn gói, Vietravel không có trách nhiệm hoàn trả chi phí chênh lệch cho các khách hàng thuộc diện miễn giảm hoặc đối tượng ưu tiên như trẻ nhỏ, người lớn tuổi, người có công với cách mạng… Chính sách miễn giảm, ưu tiên (nếu có) chỉ dành cho khách lẻ của các điểm tham quan.\\nĐiều kiện nhận khách: \\nĐảm bảo nguyên tắc 5K, khử khuẩn.\\nKhách tham gia tour phải có thẻ xanh covid (khách đã tiêm vaccines ngừa covid đủ liều, thời gian hoàn tất mũi 2 trước 14 ngày và không quá 12 tháng), khách là FO đã khỏi bệnh trong vòng 06 tháng tính đến thời điểm về địa phương (có giấy ra viện/giấy xác nhận khỏi bệnh của Sở Y Tế).\\nTrẻ em (đi cùng ba mẹ) phải xét nghiệm covid và có giấy xác nhận âm tính của cơ sở Y tế trước ngày khởi hành 24h (chi phí xét nghiệm tự túc).'),(34,12,'Ngày 1','2022-08-15','TP. HỒ CHÍ MINH - BUÔN MA THUỘT - THÁC DRAYNUR (Ăn sáng, trưa, chiều)','Quý khách tập trung tại công ty Vietravel (190 Pasteur, F6, Q3, TP.HCM). Đoàn khởi hành đi Buôn Ma Thuột. Trên đường đi Quý khách dừng chân dùng bữa sáng, ngắm đường Trường Sơn huyền thoại (Quốc Lộ 14), đoàn tham quan:\\n- Thác Dray Nur: một thắng cảnh đẹp nhờ sự kết hợp giữa hai dòng sông Krông Nô và Krông A Na, thác như một bức thành khổng lồ, hùng tráng giữa một vùng hoa nước long lanh.\\n**Vì lý do cung đường hạn chế di chuyển đối với xe lớn, nếu đoàn đi xe trên 35 chỗ thì sẽ chuyển sang tham quan Thác Dray Sap.\\n- Thác Dray Sap: cao khoảng 50 m, trải dài gần 100 m xứng đáng là một trong ba ngọn thác đẹp nhất nằm trên thượng nguồn sông Sê Rê Pốk. Theo tiếng Ê Đê, Dray Sap nghĩa là thác khói vì việc lượng hơi nước khổng lồ của dòng chảy bao phủ cả khu vực, khiến ngọn thác càng trở nên bí ẩn, hoang sơ. Đoàn check-in Khu nhà nấm khổng lồ đặc biệt tại thác.\\n  Đến TP. Buôn Ma Thuột, đoàn tiếp tục khám phá:\\n- Bảo tàng thế giới Cà Phê: hiện vật trưng bày trong bảo tàng được sưu tầm từ khắp nơi trên thế giới. Đặc biệt trong đó là hơn 10.000 vật dụng liên quan đến cà phê qua nhiều thời kỳ lịch sử và văn hoá trên thế giới của Bảo tàng cà phê thế giới Jens Burg, một trong những điểm du lịch đặc sắc của thành phố Hamburg (Đức). Bảo tàng được xây dựng nương theo kiến trúc không gian nhà dài quen thuộc đặc trưng của vùng đất Tây Nguyên linh thiêng, những đường cong đa hình và uyển chuyển được giao thoa với nhau tạo nên hình khối kiến trúc đặc biệt.\\nNghỉ đêm tại Buôn Ma Thuột.\\n '),(35,12,'Ngày 2','2022-08-16','BUÔN MA THUỘT – BUÔN AKO DHONG - BIỂN HỒ TƠ NƯNG (Ăn sáng, trưa, chiều)','Sau bữa sáng, Qúy khách trả phòng khách sạn, khởi hành đi tham quan :\\nBuôn Ako Dhong: là một ngôi làng của người Êđê nằm ngay giữa lòng thành phố Buôn Ma Thuột. Là một địa điểm hấp dẫn đối với khách du lịch nhờ các hoạt động truyền thống của người Êđê. Đến tham quan buôn Ako Dhong, du khách sẽ được ngắm nhìn cảnh những ngôi nhà dài đặc trưng của người Ê Đê nằm dọc trên sườn đồi, xa xa là những đồi cà phê, những cánh đồng hoa rộng bạt ngàn.\\nĐoàn khởi hành đi Pleiku, đến thành phố Pleiku, đoàn tham quan:\\nBiển hồ Tơ Nưng: miệng núi lửa đã ngừng hoạt động hàng trăm triệu năm và được ví như “Đôi mắt Pleiku” làm say lòng người bởi vẻ đẹp thơ mộng, mặt nước mênh mông, mây trời lồng lộng, nghe thoáng trong gió tiếng thông vi vu, tiết trời dịu mát quanh năm. Đây còn là hồ chứa nước ngọt cung cấp nước cho thành phố Pleiku. Quý khách chiêm bái Bảo Tượng Quan Âm cao 15 mét được làm bằng chất liệu đá cẩm thạch trắng.\\nĂn chiều, đoàn nhận phòng khách sạn.  Buổi tối, Quý khách tự do dạo phố đêm. \\nNghỉ đêm tại Pleiku. '),(36,12,'Ngày 3','2022-08-17','PLEIKU - KON TUM - CẦU TREO KON KLOR - MĂNG ĐEN (Ăn sáng, trưa, chiều)','Sau bữa sáng, đoàn khởi hành đi Kon Tum tham quan:\\n- Cầu treo Kon Klor: cây cầu treo dây văng lớn nhất tỉnh Kon Tum bắc ngang qua dòng sông Đắk Bla, một dòng sông gắn với nhiều huyền thoại của đồng bào dân tộc Ba Na trong vùng. Cầu treo Kor Klor gây ấn tượng với du khách bằng màu cam nổi bật nằm giữa núi Tây Nguyên hùng vĩ.\\n- Ngắm nhìn nhà rông Kon Klor: vẫn giữ nguyên vẹn kiến trúc Ba Na độc đáo với màu gỗ nâu trầm\\n- Nhà thờ Chính Tòa: có tuổi đời hơn 100 năm tuổi, được người dân gọi thân mật là nhà thờ gỗ bởi công trình độc đáo này được xây dựng hoàn toàn bằng gỗ, thiết kế theo lối kiến trúc Roman cổ điển kết hợp với kiến trúc nhà sàn truyền thống của đồng bào Ba Na nơi đây.\\nĐoàn khởi hành đến Măng Đen - Được ví như Đà Lạt thứ 2 với nhiều hồ thác, suối đá và cảnh quan thiên nhiên cùng văn hóa bản địa đặc sắc:\\n- Chùa Khánh Lâm: tọa lạc ngay trên đỉnh đồi cao, tôn nghiêm ẩn hiện dưới những tán cây rừng xum xuê mang đến một vẻ đẹp yên bình, thanh khiết làm say đắm lòng người. Ngôi chùa có kiến trúc đình chùa cổ truyền với kiến trúc nhà Rông, mang đậm bản sắc văn hóa Tây Nguyên, nổi bật với tượng Quan thế âm Bồ tát cao 17m và hồ sen đối xứng, tạo nên một cảnh quan hài hòa, hấp dẫn.\\n- KDL Sinh thái - Văn hóa Thác Pa Sỹ: quần thể du lịch bao gồm khu vườn tượng với hơn 100 bức tượng được đục thủ công bằng gỗ do các nghệ nhân đồng bào bản địa tạo nên, khu nhà rông, nhà sàn và đặc biệt nhất là Thác Pa Sỹ với dòng thác tung bọt trắng xóa, quyến rũ như cô gái đẹp miền sơn cước.\\n- KDL hồ Dak-Ke: không gian nơi đây yên bình với hồ nước trong xanh được bao bọc bởi những dãy núi cùng những cánh rừng xanh ngắt, quanh năm hoa nở quanh hồ hài hòa cùng những ngôi nhà sàn mộc mạc, mạng đậm nét đặc trưng riêng của người bản địa. tạo nên một bức tranh sơn thủy hữu tình.\\n- Khu hành hương Đức Mẹ Măng Đen: nơi nổi tiếng linh thiêng thu hút hàng trăm lượt khách viếng thăm mỗi ngày. Tại đây du khách được nghe giới thiệu về lịch sử của tượng Đức mẹ.\\nĐoàn trở về Pleiku.\\nNghỉ đêm tại Pleiku.'),(37,12,'Ngày 4','2022-08-18','PLEIKU - BUÔN MA THUỘT - BUÔN ĐÔN (Ăn sáng, trưa, chiều)','Sau bữa sáng, Quý khách tự do đến giờ trả phòng khách sạn khởi hành trở về Buôn Ma Thuột. Đoàn dùng cơm trưa và tiếp tục tham quan:\\n- Buôn Đôn: du khách ngắm cảnh hùng vĩ của rừng nguyên sinh Quốc gia Yok Đôn, tham quan cầu treo và ngắm cảnh sông Sê Rê Pốk, nhà sàn cổ 120 năm của người Lào, tìm hiểu truyền thuyết Vua săn voi, thăm buôn làng của người dân tộc: Êđê, M’Nông, Khmer....\\nĂn chiều, nhận phòng khách sạn. Buổi tối, Quý khách tự do dạo phố núi về đêm. \\nNghỉ đêm tại Buôn Ma Thuột.\\n '),(38,12,'Ngày 5','2022-08-19','BUÔN MA THUỘT - TP. HỒ CHÍ MINH (Ăn sáng, trưa)','Sau bữa sáng, Quý khách trả phòng khách sạn. Đoàn tiếp tục tham quan:\\n- Vườn Café Rêu Phong: được dịp tận mắt xem vườn ca cao, loại trái cây được trồng chủ yếu để lấy hạt làm nên các sản phẩm kinh tế cao trên thị trường hiện nay đó là bột ca cao và chocolate. Ngoài ra, Quý khách sẽ được thưởng thức đặc sản của quán “sinh tố ca cao” được làm từ cơm của trái ca cao, vị chua chua ngọt ngọt, một thức uống giải nhiệt lạ miệng nhưng cũng không kém phần hấp dẫn.\\nXe đưa Quý khách khởi hành về lại Tp.Hồ Chí Minh. Ăn trưa trên cung đường về. Chia tay Quý khách và kết thúc chương trình du lịch.\\n  *** Lưu ý: các điểm tham quan có thể được sắp xếp lại tùy theo tình hình thực tế.\\nVấn đề tham quan các điểm tín ngưỡng/tôn giáo phụ thuộc vào tình hình mở cửa của các điểm này. \\nĐiều kiện nhận khách trong giai đoạn \\\"Bình thường mới\\\"\\n✓ Thẻ xanh covid (khách đã tiêm vaccines ngừa covid đủ liều, thời gian hoàn tất mũi 2 trước 14 ngày và không quá 12 tháng). Khách là FO đã khỏi bệnh trong vòng 06 tháng tính đến thời điểm về địa phương (có giấy ra viện/giấy xác nhận khỏi bệnh của Sở Y Tế).\\n✓ Xét nghiệm covid theo yêu cầu của Tỉnh và Phường nơi khách lưu trú trước khi vào khách sạn (bao gồm cả người lớn và trẻ em dưới 18 tuổi).\\n*** Lưu ý:\\n✓ Đảm bảo nguyên tắc 5K, khử khuẩn.\\n✓ Vận chuyển không quá 50% số ghế, không quá 20 khách/1xe (bao gồm cả tài xế), tuân thủ ngồi giãn cách trên xe và đeo khẩu trang suốt quá trình di chuyển.'),(39,13,'Ngày 1','2022-08-15','TP. HỒ CHÍ MINH - NHA TRANG (Ăn sáng, trưa, chiều)','Quý khách tập trung tại Vietravel (190 Pasteur, Q3, Tp.HCM), đoàn khởi hành đi Nha Trang. Trên đường đi, đoàn dừng chân tại Phan Thiết tham quan: \\n- Làng Chài Xưa: với lịch sử 300 năm cái nôi của nghề làm nước mắm, trải nghiệm cảm giác lao động trên đồng muối, đi trên con đường rạng xưa, thăm phố cổ Phan Thiết, , thăm nhà lều của hàm hộ nước mắm xưa, đắm chìm cảm xúc trong biển 3D và thích thú khi đi chợ làng chài xưa với bàn tính tay, bàn cân xưa thú vị,…\\nSau khi ăn trưa, đoàn tiếp tục khởi hành đi Nha Trang. Trên cung đường đi, đoàn dừng chân tại:\\n- Bãi biển Cà Ná - một trong những bãi biển đẹp nhất miền Trung. Từ Cam Ranh xe đưa Quý khách đi theo con đường mới cập sát biển đến thành phố Nha Trang, ngắm cảnh hoàng hôn trên Vịnh Nha Trang. \\nNghỉ đêm tại Nha Trang.\\n '),(40,13,'Ngày 2','2022-08-16','NHA TRANG - HÒN LAO - VINWONDERS NHA TRANG (Ăn sáng, trưa, tự túc ăn chiều)','Sau khi dùng buffet sáng tại khách sạn, xe đưa đoàn đến cảng, xuống tàu du ngoạn và tham quan:\\n- Hòn Lao - Đảo Khỉ: nơi có hơn 1000 chú khỉ đang được bảo tồn và sinh sống tự nhiên. Quý khách tự do tắm biển, thư giãn, tham quan xem chương trình biểu diễn xiếc Khỉ, đua chó, khỉ bơi lội hoặc trải nghiệm các môn thể thao trên bãi biển và trò chơi: canô kéo dù, mô tô nước, đua xe công thức 1, bắn súng sơn, cưỡi đà điểu … (chi phí tự túc).\\nVề lại khách sạn tự do nghỉ ngơi. Buổi chiều Quý khách tự do lựa chọn điểm tham quan như sau:\\n- Lựa chọn 1: Vinwonders Nha Trang (chi phí cáp treo & ăn chiều tự túc): Quý khách tự do tham quan vui chơi trong khuôn viên với những lâu đài châu Âu tráng lệ, cáp treo hình tháp Eiffel, Đồi Vạn Hoa,.. Dạo bước trong không gian này vào ban ngày, du khách tưởng như mình đang lạc vào một phố cổ nào đó của phương tây. Đêm xuống, cảnh vật trở nên lung linh hơn bao giờ hết bởi đèn trang trí trong các lâu đài, khu vui chơi, tạo nên vẻ đẹp huyền ảo, thần tiên. Tự do Tham gia những trò chơi như tháp rơi tự do Sky Drop, trượt ván Alpine Coaster, tàu lượn cao tốc Roller Coaster, đu dây văng sẽ thích hợp với các bạn yêu thích cảm giác mạnh tạo ra từ các cú xoay, lộn nhào trên không trung, lật nghiêng. Quý khách có thể dạo bước trong thế giới Thuỷ Cung, tại đây có hơn 300 loại sinh vật biển quý hiếm từ nhiều quốc gia khác nhau hội tụ về. Đặc biệt, Thủy Cung Vinwonders Nha Trang còn mang tới cho du khách một thế giới lung linh sắc màu với các chương trình biểu diễn nghệ thuật độc đáo như biểu diễn Nàng tiên cá – nơi du khách được chiêm ngưỡng các nàng tiên cá xinh đẹp bước ra từ cổ tích, hay chương trình cho cá ăn – với những chàng thợ lặn khỏe khoắn, chơi đùa và chăm sóc các cư dân Thủy Cung. Hoặc tại Lâu đài phim 4D, Quý khách sẽ được thưởng thức công nghệ chiếu phim cực sắc nét cùng hiệu ứng 4D chân thực như đang sống trong thế giới đại dương. Ngoài ra, còn có các chương trình biểu diễn nhạc nước, biểu diễn cá heo, biểu diễn Carnival vô cùng hấp dẫn.... \\n-    Lựa chọn 2: du ngoạn trên du thuyền Emperor (chi phí tự túc), tàu sẽ di chuyển dọc thành phố biển Nha Trang, du khách sẽ được ngắm cảnh hoàng hôn đẹp nhất trong khi thưởng thức tiệc cocktail, bữa tối tinh tế và nghệ sỹ ghi ta, violon chơi những bản nhạc du dương trong một khung cảnh lãng mạn dưới trời sao, ánh trăng và ánh đèn rực rỡ của thành phố.\\nNghỉ đêm tại Nha Trang.'),(41,13,'Ngày 3','2022-08-17','NHA TRANG - SUỐI KHOÁNG NÓNG I-RESORT - ĐÀ LẠT (Ăn sáng, trưa, chiều)','Buổi sáng, Quý khách tham quan:\\n-    Trung tâm suối khoáng nóng I-Resort: Quý khách sẽ được trải nghiệm mới dịch vụ tắm khoáng thư giãn. Ngoài ra, đoàn còn có thể tắm bùn khoáng hoặc massage cho làn da thêm tươi trẻ (chi phí tự túc).\\nĐoàn khởi hành đi Đà Lạt, Ăn trưa trên đường đi. Đến Đà Lạt, Quý khách tham quan:\\n-    Quê Garden: nằm dưới chân đèo Mimosa, khu vườn mê mẩn người xem với cánh đồng hoa rộng lớn cùng nhiều loài hoa nổi tiếng tại Đà Lạt khoe sắc. Đặc biệt Quê Garden tự hào là một trong những khu vườn bonsai lá kim lớn nhất Việt Nam, những chậu cây bonsai vừa to vừa đẹp, được chăm sóc và uốn nắn kỹ lưỡng vô cùng đẹp mắt. Ngoài ra, hồ cá koi có hướng nhìn ra đồi thông là điểm đến cực chất mà du khách không thể bỏ qua.\\nBuổi tối, Quý khách tự do dạo phố thưởng thức ẩm thực nổi tiếng phố núi: Lẩu gà lá é Tao Ngộ, Lẩu bò quán Gỗ, Bánh ướt lòng gà, Ốc nhồi thịt, Xe lẩu buffet, Ngói BBQ … hoặc đến Nhạc Quán Diễm Xưa lắng nghe những tình khúc bất hủ của nhạc sỹ Trịnh Công Sơn … (chi phí tự túc). '),(42,13,'Ngày 4','2022-08-18','ĐÀ LẠT - THÀNH PHỐ NGÀN HOA (Ăn sáng, trưa, chiều)','Sau khi dùng bữa sáng tại khách sạn, Quý khách khởi hành tham quan:\\n-    Fairytale Land & hầm rượu vang Vĩnh Tiến: đến đây du khách như lạc vào khu vườn cổ tích của những chú lùn Hobbiton, điểm xuyến trong khu vườn là những ngôi nhà độc đáo và đầy sắc màu, những bức vẽ trên tường đầy lôi cuốn và những thảm hoa nhỏ không kém phần quyến rũ. Dạo một vòng quanh khu vườn đừng quên rảo bước vào hầm rượu vang với hơn 10.000 chai đang được lưu trữ dưới hầm.\\n-    Pupp Farm: du khách thỏa thích tạo dáng cùng những chú cún siêu dễ thương hay chọn cho mình những góc chụp đẹp bên đồi hoa ngoài trời rực rỡ, vườn dâu công nghệ cao, bí khổng lồ, dưa pepino, cà chua bi,… (theo mùa).\\nĂn trưa, đoàn về khách sạn nghỉ ngơi. Buổi chiều đoàn tiếp tục tham quan:\\n-    Ga Đà Lạt: nhà ga cổ kính nhất Việt Nam và Đông Dương, có phong cách kiến trúc độc đáo với ba mái hình chóp cách điệu như ba đỉnh núi Langbiang và nhà rông Tây Nguyên.\\n-    Đường Hầm Đất Sét: các công trình nghệ thuật với những tác phẩm điêu khắc bằng đất nung hoành tráng, ấn tượng được sách Kỷ Lục Việt Nam công nhận như: Ga xe lửa, dinh Bảo Đại, Đại học Đà Lạt, nhà thờ Con Gà, sân bay Liên Khương, đường cao tốc, hồ Tuyền Lâm, thung lũng Tình yêu…). Nổi tiếng là “hồ vô cực” thu hút nhiều du khách đến tham quan hiện nay.\\nNghỉ đêm tại Đà Lạt. \\n '),(43,13,'Ngày 5','2022-08-19','ĐÀ LẠT - MÊ LINH COFFEE - TP. HỒ CHÍ MINH (Ăn sáng, trưa)','Sau khi dùng bữa sáng, đoàn khởi hành tham quan khu vườn bonsai tuyệt đẹp:\\n-    Mê Linh Coffee: được thiết kế với không gian mở có một tầm nhìn trọn vẹn 360 độ hướng rẫy cà phê bạt ngàn... Đặc biệt, thưởng thức một ly cà phê chồn nguyên chất với hương vị đậm đà đặc trưng của chất xạ hương (chi phí tự túc). Ngoài ra, Quý khách có thể check in những phiên bản thu nhỏ nhưng không kém phần sống động của những công trình nổi tiếng như \\\"cổng trời Bali, cổng trời Linh Quy Pháp Ấn, nấc thang lên thiên đường, tổ chim...\\nĂn trưa, xe đưa đoàn về lại điểm đón ban đầu và kết thúc hành trình nhiều trải nghiệm.\\nPHỤ THU (Vé tham quan khu vui chơi Vinpearland) *:\\n1/ Mua NGAY hoặc SAU ngày khởi hành hoặc TRONG GIAI ĐOẠN ĐI TOUR, áp dụng theo giá công bố của Vinpearl: +750.000đ/ người lớn (chiều cao từ 1m4 trở lên), +550.000đ/ trẻ em (chiều cao từ 1m – dưới 1m4)\\n2/ Vé sử dụng sau 17 giờ chiều: +500.000đ/ người lớn (chiều cao từ 1m4 trở lên); +420.000đ/ trẻ em (chiều cao từ 1m - dưới 1m4)\\n*Giá vé có thể thay đổi tùy theo chính sách của khu vui chơi Vinpearland tại thời điểm đăng ký.\\nĐiều kiện nhận khách giai đoạn “Bình thường mới”\\n✓ Thẻ xanh covid (khách đã tiêm vaccines ngừa covid đủ liều, thời gian hoàn tất mũi 2 trước 14 ngày và không quá 12 tháng).\\n✓ Xét nghiệm covid theo yêu cầu của tỉnh/phường nơi khách lưu trú trước khi vào khách sạn (bao gồm cả người lớn và trẻ em dưới 18 tuổi).\\nLưu ý:\\n✓ Đảm bảo nguyên tắc 5K, khử khuẩn.\\n✓ Vận chuyển tuân thủ ngồi giãn cách trên xe và đeo khẩu trang suốt quá trình di chuyển.\\n '),(44,14,'Ngày 1','2022-08-15','TP.HCM - THIỀN VIỆN TRÚC LÂM VIÊN NGỘ - NINH CHỮ (Ăn sáng, trưa, chiều)','Quý khách tập trung tại 190 Pasteur Phường ,Võ Thị Sáu Quận 3, đoàn khởi hành đi Ninh Chữ. Trên đường đi Quý khách ghé ăn sáng sau đó đi tham quan:\\n- Bãi biển Cà Ná: một trong những bãi biển đẹp nhất miền Trung, vốn được mệnh danh là “Nàng công chúa ngủ quên” bởi vẻ đẹp hoang sơ của nó.\\nSau khi ăn trưa, Quý khác tiếp tục hành trình khám phá, tham quan: \\n- Thiền Viện Trúc Lâm Viên Ngộ (Trùng Sơn Cổ Tự): nơi đây được xem là địa linh của vùng đất nắng gió, là thiền viện lớn nhất tỉnh Ninh Thuận. Từ thiền viện, Quý Khách phóng tầm mắt ra xa một bên là thị trấn Khánh Hải và Đầm Nại cùng những thửa ruộng đang mơn mởn.\\nĐoàn đến Ninh Chữ nhận phòng. Ăn chiều và nghỉ đêm tại Ninh Chữ.'),(45,14,'Ngày 2','2022-08-16','NINH CHỮ - HANG RÁI - BÃI KINH - THƯỞNG THỨC TÔM HÙM TRÊN BÈ (Ăn sáng, trưa, chiều)','Sau khi ăn sáng, đoàn khởi hành tham quan:\\n-    Hang Rái: là một trong những điểm nhấn khi du lịch Vĩnh Hy, Hang Rái mang lại cảm giác tuyệt hảo cho du khách khi được lạc vào xứ sở của câu chuyện cổ tích bởi vẻ đẹp gần như hoàn hảo. Từ những hòn đá nhiều hình thù xếp chồng lên nhau tạo ra vô số hang động lớn nhỏ đẹp mắt.\\nSau đó, Quý khách di chuyển đến Bãi Kinh theo những cung đường ven biển có thể xem là đẹp nhất Việt Nam. Đến nơi, tàu đưa Quý khách ra nhà bè cất hành lý, tàu đưa đoàn ra Bãi Lớn, Quý khách tự do tắm biển, ghé thăm Bãi Chuối. Một bãi có màu nước trong xanh như ngọc bích rất đẹp. \\nĂn trưa trên đảo với các món đặc sản Bình Hưng như tôm hùm, nhum, các loại ốc, mực,… đoàn tự do thư giãn, nghỉ ngơi trên bè.\\nTrở về đất liền, đoàn tiếp tục đi dọc theo cung đường biển để đến tham quan:\\n-    Đồng Cừu Suối Tiên: chụp hình bên đàn cừu, dòng suối và ngọn núi Chúa hùng vĩ\\n-    Check in cánh đồng điện gió Đầm Nại: gần nhà thờ Gò Sạn, đến đây khi ánh hoàng hôn dần buông xuống du khách sẽ trông thấy những cánh quạt turbin như những cối xay gió khổng lồ tạo nên khung cảnh hùng vĩ, đẹp đến nao lòng.\\nQuý khách ăn tối và nghỉ đêm tại Ninh Chữ.'),(46,14,'Ngày 3','2022-08-17','NINH CHỮ - THÁP POKLONG GIARAI - TP.HCM (Ăn sáng, trưa)','Sau khi ăn sáng, Quý khách làm thủ tục trả phòng, khởi hành về TP.Hồ Chí Minh. Quý khách tham quan:\\n- Tháp Chàm Poklong Giarai: một công trình độc đáo, được công nhận là di tích kiến trúc nghệ thuật và điêu khắc Chăm.\\nTrên đường về đoàn ăn trưa và ghé mua đặc sản Phan Rang như nho, tỏi… Chiều về đến TP.Hồ Chí Minh, đưa Quý khách về điểm đón ban đầu. Chia tay Quý khách và kết thúc chương trình du lịch.\\nGhi chú:\\nHành trình có thể thay đổi thứ tự điểm đến tùy vào điều kiện thực tế. \\nLịch trình tham quan rất dễ bị ảnh hưởng bởi thời tiết. Đây là trường hợp bất khả kháng mong Quý khách hiểu và thông cảm.\\nĐây là chương trình du lịch trọn gói, Vietravel không có trách nhiệm hoàn trả chi phí chênh lệch cho các khách hàng thuộc diện miễn giảm hoặc đối tượng ưu tiên như trẻ nhỏ, người lớn tuổi, người có công với cách mạng… Chính sách miễn giảm, ưu tiên (nếu có) chỉ dành cho khách lẻ của các điểm tham quan.\\nĐiều kiện nhận khách trong giai đoạn \\\"Bình thường mới\\\":\\n✓ Thẻ xanh covid (khách đã tiêm vaccines ngừa covid đủ liều, thời gian hoàn tất mũi 2 trước 14 ngày và không quá 12 tháng). Khách là FO đã khỏi bệnh trong vòng 06 tháng tính đến thời điểm về địa phương (có giấy ra viện/giấy xác nhận khỏi bệnh của Sở Y Tế).\\n✓ Xét nghiệm covid theo yêu cầu của Tỉnh và Phường nơi khách lưu trú trước khi vào khách sạn (bao gồm cả người lớn và trẻ em dưới 18 tuổi).\\n✓ Đảm bảo nguyên tắc 5K, khử khuẩn.'),(47,15,'Ngày 1','2022-08-15','TP.HCM - PHÚ QUỐC - GRAND WORLD (Ăn chiều)','Quý khách tập trung tại Sân bay Tân Sơn Nhất, ga đi trong nước. Hướng dẫn viên làm thủ tục cho Quý khách chuyến bay chiều phút đi Phú Quốc. Xe đón đoàn tại sân bay đưa về khách sạn nhận phòng tại Resort 5 sao Radisson Blu.\\nBuổi tối, Quý khách có thể tự do khám phá một số hạng mục nổi bật tại khu Grand World như: công trình tre, công viên nghệ thuật đương đại thuộc Open Park…; tản bộ bên dòng “kênh đào Venice” và nhìn ngắm những chiếc thuyền Gondola, khu phố shophouse lộng lẫy sắc màu, cổng lâu đài tráng lệ, ba cây cầu vòm bán nguyệt...; Thưởng thức bữa tiệc ánh sáng đỉnh cao với show “Sắc màu Venice” (show diễn có thể thay đổi tùy theo tình hình thực tế)\\nNghỉ đêm tại Radison Blu.'),(48,15,'Ngày 2','2022-08-16','VƯỜN THÚ BÁN HOANG DÃ VINPEARL SAFARI - VUI CHƠI THỎA THÍCH TẠI CÔNG VIÊN CHỦ ĐỀ VINWONDERS PHÚ QUỐC (Ăn sáng, trưa, chiều)','Sau khi dùng bữa sáng tại Radison Blu, Quý khách sẽ đến khám phá Vinpearl Safari Phú Quốc - Vườn thú hoang dã đầu tiên tại Việt Nam: với quy mô 180 ha, hơn 130 loài động vật quý hiếm, du khách thưởng thức các chương trình biểu diễn, chụp ảnh với động vật; trải nghiệm vườn thú mở trong rừng tự nhiên, gần gũi và thân thiện với con người.\\nBuổi chiều, Quý khách tham quan Khu vui chơi giải trí VinWonders - du khách sẽ lạc vào “Thế Giới Cổ Tích” thông qua những trò chơi tương tác lần đầu tiên xuất hiện tại Việt Nam với 6 chủ đề khác nhau: Khu Cảm Giác Mạnh - Thế Giới Phiêu Lưu; Khu Công Viên Nước - Thế Giới Lốc Xoáy; Khu Lâu Đài Trung Tâm - Châu Âu Trung Cổ; Khu Cổ Tích - Thế Giới Diệu Kỳ; Khu Viking - Ngôi Làng Bí Mật.\\nNghỉ đêm tại Radison Blu.'),(49,15,'Ngày 3','2022-08-17','PHÚ QUỐC - TP.HCM (Ăn sáng, trưa)','Sau khi dùng bữa sáng tại Radison Blu, Quý khách trả phòng và khởi hành tham quan:\\n- Dinh Cậu: biểu tượng văn hoá và tín ngưỡng của đảo Phú Quốc. Nơi ngư dân địa phương gởi gắm niềm tin cho một chuyến ra khơi đánh bắt đầy ắp cá khi trở về. Sau đó, đoàn viếng Dinh Bà Thủy Long Thánh Mẫu - thờ Thần Nữ Kim Giao, người phụ nữ được người dân Phú Quốc rất mực tôn kính vì có công khai phá huyện đảo này.\\n- Tham quan và mua sắm đặc sản nổi tiếng tại vườn Tiêu; nhà thùng nước mắm; đặc sản khô; cơ sở sản xuất ngọc trai Phú Quốc - trưng bày các trang sức bằng ngọc trai chính hiệu được nuôi cấy tại Phú Quốc. \\nSau khi tham quan, xe đưa Quý khách đi ăn trưa và ra sân bay Phú Quốc đáp chuyến bay trở về TP.HCM. Chia tay Quý khách và kết thúc chương trình du lịch tại sân bay Tân Sơn Nhất.\\n  \\\"********************\\nQuý khách lưu ý\\n- Giờ bay phụ thuộc vào hãng hàng không, số bữa ăn phụ thuộc vào giờ bay\\n- Nếu chuyến bay ngày thứ 3 trong chương trình về chuyến buổi sáng thì bữa ăn trưa ngày thứ 3 sẽ được chuyển sang ngày thứ 1. \\n- Đây là chương trình du lịch trọn gói, Vietravel không có trách nhiệm hoàn trả chi phí chênh lệch cho các khách hàng thuộc diện miễn giảm hoặc đối tượng ưu tiên như trẻ nhỏ, người lớn tuổi, người có công với cách mạng… Chính sách miễn giảm, ưu tiên (nếu có) chỉ dành cho khách lẻ của các điểm tham quan.'),(50,16,'Ngày 1','2022-08-16','TP. HỒ CHÍ MINH - THÁC BOBLA - ĐÀ LẠT (Ăn sáng, trưa, tối)','Quý khách tập trung tại Vietravel (190 Pasteur, phường Võ Thị Sáu, quận 3, TP.HCM), xe đưa đoàn khởi hành đi Đà Lạt. Sau khi dùng bữa trưa tại Bảo Lộc, đến Di Linh đoàn tham quan:\\nThác Bobla: đẹp như một bức tranh thiên nhiên với dòng thác nguyên sơ, hùng vĩ cao hơn 40m, rộng hơn 20m, cùng cảnh quan được tôn tạo tuyệt đẹp, lưu giữ nhiều cây cổ thụ hàng trăm năm tuổi, phía xa hút tầm mắt là những đồi chè, cà phê xanh mát.\\nĐến Đà Lạt đoàn nhận phòng nghỉ ngơi. Buổi tối, Quý khách tự do thưởng thức café ngắm hồ Xuân Hương về đêm. Nghỉ đêm tại Đà Lạt.\\n '),(51,16,'Ngày 2','2022-08-17','ĐÀ LẠT - KIM NGÂN HILLS - QUÊ GARDEN (Ăn sáng, trưa, tối)','Đà Lạt chào đón du khách với du khách với không khí lạnh tràn về, sau khi dùng bữa sáng, xe đưa đoàn tham quan:\\nKim Ngân Hills: nổi bật với vườn thú kết hợp với không gian cà phê view rừng thông ấn tượng, xen kẻ là vườn hoa Xác Pháo, Thạch Thảo, Cẩm Tú Cầu để du khách thỏa thích check-in. Vườn thú Kim Ngân Hills đang nuôi giữ và bảo tồn nhiều loài động vật độc lạ như lạc đà Alpaca, hươu sao, ngựa Ponny, cừu Valis, chó Corgi... Ngoài ra, nơi đây còn sở hữu khu vực nuôi chim lớn nhất tỉnh Lâm Đồng với nhiều loài chim như yến phụng, sáo, cu đất, két.... Tiếp tục, du khách khám phá khu “Ký ức thời bao cấp” gợi cảm xúc hoài niệm về một thời quá khứ.\\nQuê Garden: nằm dưới chân đèo Mimosa, khu vườn mê mẩn người xem với cánh đồng hoa rộng lớn cùng nhiều loài hoa nổi tiếng tại Đà Lạt khoe sắc. Đặc biệt Quê Garden tự hào là khu vườn bonsai lá kim lớn nhất Việt Nam, những chậu cây bonsai vừa to vừa đẹp, được chăm sóc và uốn nắn kỹ lưỡng vô cùng đẹp mắt. Ngoài ra, hồ cá koi với view nhìn ra đồi thông là điểm check in cực chất mà du khách không thể bỏ qua.\\nBuổi tối Quý khách tự do tản bộ tham quan chợ đêm Đà Lạt về đêm. Nghỉ đêm tại Đà Lạt.\\n '),(52,16,'Ngày 3','2022-08-18','ĐÀ LẠT - PHÂN VIỆN SINH HỌC - CÁNH ĐỒNG HOA CẨM TÚ CẦU (Ăn sáng, trưa, ăn tối tự túc)','Sau khi dùng bữa sáng tại khách sạn, xe đưa đoàn tham quan:\\nPhân Viện Sinh Học: được biết đến như 1 tọa độ sống ảo mới tại Đà Lạt với góc ảnh bên những bức tường cổ kính. Không chỉ vậy, đến đây, du khách còn được tìm hiểu về môi trường sống, những nguồn gen quý qua hiện vật vô cùng phong phú, khu trưng bày xương, sừng, mô hình của các loài động vật quý hiếm như khủng long, voi, hổ, gấu, vượn, … hay tìm hiểu về sự vận hành của vũ trụ.\\nGallery Chocolate: với nhiều không gian trưng bày được thiết kế bởi màu sắc, tạo hình và hương vị đặc biệt từ nguồn nguyên liệu của Chocotea. Ấn tượng nhất là không gian nghệ thuật với 9 tác phẩm được tạo tác công phu từ chocolate như: “Bàn tiệc hoàng gia”, Cây Mai Anh Đào hay tác phẩm “Suối Hoa” tuyệt mỹ, … Du khách dùng thử chocolate để cảm nhận hương vị khác biệt từ hương đến sắc.\\nCánh đồng hoa cẩm tú cầu: ghi điểm trong mắt du khách nhờ vào khung cảnh thơ mộng xung quanh. Xa xa là rừng thông thơ mộng, còn ở dưới chân cầu vàng là cả cánh đồng rộng lớn được phủ kín bởi sắc trắng phớt xanh của hoa cẩm tú cầu, nổi bần bật trên nền xanh thẫm của lá.\\nBuổi tối Quý khách tự do tản bộ thưởng thức sữa đậu nành và bánh tráng nướng tại khu phố Tăng Bạt Hổ. Nghỉ đêm tại Đà Lạt\\n '),(53,16,'Ngày 4','2022-08-19','ĐÀ LẠT - MÊ LINH COFFEE - TP. HỒ CHÍ MINH (Ăn sáng, trưa)','Sau khi dùng bữa sáng tại khách sạn, xe đưa đoàn tham quan:\\n•    Mê Linh Coffee: được thiết kế với không gian mở có một tầm nhìn trọn vẹn 360 độ hướng rẫy cà phê bạt ngàn... Đặc biệt, thưởng thức một ly cà phê chồn nguyên chất với hương vị đậm đà đặc trưng của chất xạ hương (chi phí tự túc). Ngoài ra, Quý khách có thể check in những phiên bản thu nhỏ nhưng không kém phần sống động của những công trình nổi tiếng như cổng trời Bali, cổng trời Linh Quy Pháp Ấn, nấc thang lên thiên đường, tổ chim...\\nĐoàn dừng tại Bảo Lộc dùng cơm trưa, sau đó khởi hành về điểm đón ban đầu. Chia tay đoàn và kết thúc chương trình du lịch.\\nGhi chú:\\nHành trình có thể thay đổi thứ tự điểm đến tùy vào điều kiện thực tế. \\nLịch trình tham quan rất dễ bị ảnh hưởng bởi thời tiết. Đây là trường hợp bất khả kháng mong Quý khách hiểu và thông cảm.\\nĐây là chương trình du lịch trọn gói, Vietravel không có trách nhiệm hoàn trả chi phí chênh lệch cho các khách hàng thuộc diện miễn giảm hoặc đối tượng ưu tiên như trẻ nhỏ, người lớn tuổi, người có công với cách mạng… Chính sách miễn giảm, ưu tiên (nếu có) chỉ dành cho khách lẻ của các điểm tham quan.\\nĐiều kiện nhận khách: \\nĐảm bảo nguyên tắc 5K, khử khuẩn.\\nKhách tham gia tour phải có thẻ xanh covid (khách đã tiêm vaccines ngừa covid đủ liều, thời gian hoàn tất mũi 2 trước 14 ngày và không quá 12 tháng), khách là FO đã khỏi bệnh trong vòng 06 tháng tính đến thời điểm về địa phương (có giấy ra viện/giấy xác nhận khỏi bệnh của Sở Y Tế).\\nTrẻ em (đi cùng ba mẹ) phải xét nghiệm covid và có giấy xác nhận âm tính của cơ sở Y tế trước ngày khởi hành 24h (chi phí xét nghiệm tự túc).'),(54,17,'Ngày 1','2022-08-15','ĐÀ NẴNG - PHÚ QUỐC - SUNSET SANATO (Ăn trưa, tối)','Quý khách tập trung tại sân bay Đà Nẵng - Ga đi trong Nước. Hướng dẫn viên làm thủ tục cho Quý khách đáp chuyến bay đi Phú Quốc.\\nXe đón đoàn tại sân bay và đưa Quý khách tham quan dinh Cậu - biểu tượng văn hoá và tín ngưỡng của đảo Phú Quốc, là nơi cầu may mắn, cầu an lành và là nơi ngư dân địa phương gởi gắm niềm tin cho một chuyến ra khơi đánh bắt đầy ắp cá khi trở về. Sau đó, đoàn viếng dinh Bà Thủy Long Thánh Mẫu - nơi thờ Thần Nữ Kim Giao, người phụ nữ được người dân Phú Quốc rất mực tôn kính vì có công khai phá huyện đảo này.\\nSau khi đoàn nhận phòng khách sạn nghỉ ngơi. Buổi chiều, Quý khách tham quan Sunset Sanato Beach Club - sở hữu vị thế đắc địa nhất, khu vui chơi nằm ngay trung tâm của Bãi Trường. Nơi đây, sóng biển dịu êm như một dòng sông, bạn sẽ thấy mình được hưởng trọn vẹn hương vị mặn mòi của biển và mát lành của những hoang sơ còn vương vấn, đến đây du khách sẽ được thưởng ngoạn phong cảnh biển tuyệt đẹp, những góc ảnh check-in cực chất, tự do tắm biển, hòa nhịp trong những bản nhạc sôi động.\\nBuổi tối, tự do dạo chợ đêm Phú Quốc thưởng thức hải sản (chi phí tự túc).\\nNghỉ đêm tại Phú Quốc.'),(55,17,'Ngày 2','2022-08-16','MỘT NGÀY KHÁM PHÁ NAM ĐẢO - BÃI SAO - THIỀN VIỆN TRÚC LÂM HỘ QUỐC - VINWONDERS - GRAND WORLD (Ăn sáng, trưa - Ăn tối tự túc)','Xe đưa Quý khách đến tham quan \\n- Thiền viện Trúc Lâm Hộ Quốc - ngôi chùa đẹp và lớn nhất đảo ngọc với khung cảnh hoang sơ, yên tĩnh đã tạo nên một bức tranh thiên nhiên đặc sắc đầy vẻ tôn nghiêm và thanh tịnh.\\n- Tắm biển bãi Sao nằm ở phía Nam Đảo - một bãi biển dịu êm, bãi cát dài tĩnh lặng và nguyên sơ nơi đảo xanh. Tại đây Quý khách sẽ thật sự cảm thấy yên bình, thư thái và dường như cuộc sống chậm lại khi hòa mình cùng thiên nhiên.\\nSau khi ăn trưa, đoàn tiếp tục hành trình tham quan: \\n- Nhà tù Phú Quốc: nơi minh chứng hùng hồn cho công cuộc đấu tranh kiên cường và tinh thần bất khuất của nhân dân ta trong các cuộc đấu tranh chống giặc ngoại xâm.\\n- Cơ sở trưng bày sản phẩm nước mắm Phụng Hưng - Quý khách tìm hiểu và xem trình chiếu quy trình làm nước mắm truyền thống tại Phú Quốc.\\n\\nBuổi chiều, Quý khách tự do tham quan, một số điểm gợi ý như sau\\n- Khu vui chơi giải trí VinWonders - du khách sẽ lạc vào “Thế Giới Cổ Tích” thông qua những trò chơi tương tác lần đầu tiên xuất hiện tại Việt Nam với 6 chủ đề khác nhau: Khu Cảm Giác Mạnh - Thế Giới Phiêu Lưu; Khu Công Viên Nước - Thế Giới Lốc Xoáy; Khu Lâu Đài Trung Tâm - Châu Âu Trung Cổ; Khu Cổ Tích - Thế Giới Diệu Kỳ; Khu Viking - Ngôi Làng Bí Mật\\n- Grand World với những điểm check-in đặc sắc như: công trình tre, công viên nghệ thuật đương đại thuộc Open Park…; tản bộ bên dòng “kênh đào Venice” và nhìn ngắm những chiếc thuyền Gondola, khu phố shophouse lộng lẫy sắc màu, cổng lâu đài tráng lệ, ba cây cầu vòm bán nguyệt...\\nNghỉ đêm tại Phú Quốc.\\n '),(56,17,'Ngày 3','2022-08-17','PHÚ QUỐC - ĐÀ NẴNG (Ăn sáng - Trường hợp chuyến bay sau 15h, Vietravel sẽ hỗ trợ Quý Khách bữa ăn trưa)','Đoàn trả phòng khách sạn. Sau đó, xe đưa Quý khách ra sân bay Phú Quốc đáp chuyến bay trở về Đà Nẵng. Trên đường đi, Quý khách tham quan vườn tiêu Đức Thạnh, đặc sản khô, cơ sở sản xuất ngọc trai Phú Quốc.\\nChia tay Quý khách và kết thúc chương trình du lịch tại sân bay Đà Nẵng.\\n  Điều kiện nhận khách\\n- Tất cả các khách đều phải khai báo y tế (mục khai di chuyển nội địa) trên ứng dụng PC-Covid, việc khai hộ chỉ áp dụng cho khách đi chung chuyến bay.\\n- Nhận khách địa phương/ ngoại tỉnh từ địa phương nguy cơ thấp và trung bình (xanh và vàng)\\n- Đảm bảo nguyên tắc 5K, khử khuẩn.\\n- Quý khách đã hoàn thành tiêm 2 mũi vaccine ngừa Covid-19 và có thẻ xanh hoặc giấy xác nhận tiêm chủng (mũi thứ 2 đủ 14 ngày so với ngày khởi hành) hoặc Quý khách đã khỏi bệnh có giấy xác nhận trong vòng 6 tháng.\\nQuý khách lưu ý\\n- Hành trình có thể thay đổi thứ tự điểm đến tùy vào điều kiện thực tế.\\n- Lịch trình tham quan (tắm biển, ngắm hoa, trải nghiệm,...) rất dễ bị ảnh hưởng bởi thời tiết. Đây là trường hợp bất khả kháng mong Quý khách hiểu và thông cảm.\\n- Khách sạn có thể ở xa trung tâm thành phố vào các mùa cao điểm.\\n- Trong trường hợp đoàn gom dưới 10 khách thì tour không khởi hành. Công ty sẽ tư vấn cho Qúy khách chuyển tour sang ngày khởi hành lân cận hoặc thông báo chi phí phát sinh để khởi hành được đoàn.'),(57,18,'Ngày 1','2022-08-16','TP. HỒ CHÍ MINH - BUÔN MA THUỘT - THÁC DRAY NUR (Ăn sáng, trưa, chiều)','Quý khách tập trung tại công ty Vietravel (190 Pasteur, Q3, TP.Hồ Chí Minh). Đoàn khởi hành đi Buôn Ma Thuột, theo QL14 qua các địa danh Đồng Xoài, Sóc Bom Bo, Bù Đăng, đường Hồ Chí Minh… Đoàn dừng chân tham quan:\\n- Thác Dray Nur: một thắng cảnh đẹp nhờ sự kết hợp giữa hai dòng sông Krông Nô và Krông A Na, thác như một bức thành khổng lồ, hùng tráng giữa một vùng hoa nước long lanh.\\n**Vì lý do cung đường hạn chế di chuyển đối với xe lớn, nếu đoàn đi xe trên 35 chỗ thì sẽ chuyển sang tham quan Thác Dray Sap.\\n- Thác Dray Sap: cao khoảng 50 m, trải dài gần 100 m xứng đáng là một trong ba ngọn thác đẹp nhất nằm trên thượng nguồn sông Sê Rê Pốk. Theo tiếng Ê Đê, Dray Sap nghĩa là thác khói vì việc lượng hơi nước khổng lồ của dòng chảy bao phủ cả khu vực, khiến ngọn thác càng trở nên bí ẩn, hoang sơ. Đoàn check-in Khu nhà nấm khổng lồ đặc biệt tại thác.\\nĐến Buôn Ma Thuột, Quý khách dùng bữa.\\nBuổi tối, Quý khách tự do hòa mình vào nhịp sống của người dân phố núi về đêm như thưởng thức “ly cà phê Ban Mê” trứ danh ngắm phố lên đèn hay ghé chợ đêm Ngã Sáu thưởng thức ẩm thực đường phố như bún đỏ, bún riêu, bún giò, canh cá dằm… hoặc đơn giản là ngồi nhâm nhi ly sữa nóng trong tiết trời se lạnh.\\nNghỉ đêm tại Buôn Ma Thuột.\\n '),(58,18,'Ngày 2','2022-08-17','BUÔN MA THUỘT - BẢN ĐÔN (Ăn sáng, trưa, chiều)','Sau bữa sáng, đoàn tham quan;\\nBản Đôn – Qúy khách sẽ bắt gặp những chú voi to lớn ngạo nghễ dạo bước và cùng ngắm cảnh hùng vĩ của Rừng Nguyên Sinh Quốc Gia Yok Đôn, tham quan cầu treo và ngắm cảnh sông Serepôk, nhà sàn cổ 120 năm của người Lào, tìm hiểu truyền thuyết Vua Săn Voi, thăm buôn làng của người dân tộc: Lào, Khơme, Êđê, M’Nông....\\nĂn trưa, Quý khách nghỉ ngơi. Buổi tối, Quý khách tự do hòa mình vào nhịp sống của người dân phố núi về đêm như thưởng thức “ly cà phê Ban Mê” trứ danh ngắm phố lên đèn hay ghé chợ đêm Ngã Sáu thưởng thức ẩm thực đường phố như bún đỏ, bún riêu, bún giò, canh cá dằm… hoặc đơn giản là ngồi nhâm nhi ly sữa nóng trong tiết trời se lạnh.\\nNghỉ đêm tại Buôn Ma Thuột.\\n '),(59,18,'Ngày 3','2022-08-18','BUÔN MA THUỘT - HỒ LẮK (Ăn sáng, trưa, chiều)','Sau bữa sáng, xe đưa Quý khách tham quan:\\nHồ Lắk: Đến đây, Qúy khách có dịp khám phá vẻ đẹp tự nhiên, không khí trong lành cùng những cuộc phiêu lưu hồ nước trên thuyền gỗ độc mộc (chi phí tự túc), ngoài ra du khách còn có cơ hội tìm hiểu khám phá những nét văn hóa đặc trưng của dân làng M’Nông là một trong những tộc người đã sinh sống lâu năm tại đây\\nBuổi chiều, đoàn tham quan: \\nBảo tàng thế giới Cà Phê: đây là một tổ hợp bao gồm các không gian trưng bày bảo tàng, không gian triển lãm, không gian thư viện ánh sáng, không gian thưởng lãm cà phê, không gian hội thảo… các không gian này được kết nối với các không gian mang tính mở trong công viên cà phê. Đoàn chụp hình bên ngoài khuôn viên của bảo tàng với những góc chụp ảo diệu (vé vào bên trong bảo tàng - chi phí tự túc).\\nĐoàn quay về Buôn Ma Thuột ăn chiều, Quý khách tự do dạo phố đêm.\\nNghỉ đêm tại Buôn Ma Thuột.'),(60,18,'Ngày 4','2022-08-19','BUÔN MA THUỘT - TP. HỒ CHÍ MINH (Ăn sáng, trưa)','Sau bữa sáng, Quý khách trả phòng khách sạn. Đoàn tiếp tục tham quan:\\nVườn Café Rêu Phong: được dịp tận mắt xem vườn ca cao, loại trái cây được trồng chủ yếu để lấy hạt làm nên các sản phẩm kinh tế cao trên thị trường hiện nay đó là bột ca cao và chocolate. Ngoài ra, Quý khách sẽ được thưởng thức đặc sản của quán “sinh tố ca cao” được làm từ cơm của trái ca cao, vị chua chua ngọt ngọt, một thức uống giải nhiệt lạ miệng nhưng cũng không kém phần hấp dẫn.\\nXe đưa Quý khách khởi hành về lại Tp. Hồ Chí Minh. Ăn trưa trên cung đường về, chiều về đến Tp.HCM chia tay Quý khách và kết thúc chương trình du lịch.\\nGhi chú:\\nHành trình có thể thay đổi thứ tự điểm đến tùy vào điều kiện thực tế. \\nLịch trình tham quan rất dễ bị ảnh hưởng bởi thời tiết. Đây là trường hợp bất khả kháng mong Quý khách hiểu và thông cảm.\\nĐây là chương trình du lịch trọn gói, Vietravel không có trách nhiệm hoàn trả chi phí chênh lệch cho các khách hàng thuộc diện miễn giảm hoặc đối tượng ưu tiên như trẻ nhỏ, người lớn tuổi, người có công với cách mạng… Chính sách miễn giảm, ưu tiên (nếu có) chỉ dành cho khách lẻ của các điểm tham quan.\\nĐiều kiện nhận khách trong giai đoạn \\\"Bình thường mới\\\"\\n✓ Thẻ xanh covid (khách đã tiêm vaccines ngừa covid đủ liều, thời gian hoàn tất mũi 2 trước 14 ngày và không quá 12 tháng). Khách là FO đã khỏi bệnh trong vòng 06 tháng tính đến thời điểm về địa phương (có giấy ra viện/giấy xác nhận khỏi bệnh của Sở Y Tế).\\n✓ Xét nghiệm covid theo yêu cầu của Tỉnh và Phường nơi khách lưu trú trước khi vào khách sạn (bao gồm cả người lớn và trẻ em dưới 18 tuổi).\\nLưu ý:\\n✓ Đảm bảo nguyên tắc 5K, khử khuẩn.\\n✓ Vận chuyển không quá 50% số ghế, không quá 20 khách/1xe (bao gồm cả tài xế), tuân thủ ngồi giãn cách trên xe và đeo khẩu trang suốt quá trình di chuyển.\\n✓ Trong trường hợp trong đoàn có phát sinh ca nghi nhiễm/nhiễm covid 19, khách hàng (bao gồm cả các trường hợp được xác định là F1) có trách nhiệm phối hợp với Vietravel và chính quyền địa phương để thực hiện các biện pháp cách ly/ điều trị theo quy định.\\n✓ Các chi phí phát sinh trong quá trình cách ly điều trị, bao gồm nhưng không giới hạn các chi phí xét nghiệm, cách ly y tế, vận chuyển, lưu trú, điều trị, chi phí cá nhân khác… sẽ không nằm trong chi phí tour và khách hàng tự chịu trách nhiệm chi trả.'),(61,19,'Ngày 1','2022-08-16','TPHCM – SB NỘI BÀI (HÀ NỘI) – NINH BÌNH','02 bữa ăn: (Trưa, Chiều)\\nQuý khách tập trung tại sân bay Tân Sơn Nhất (Ga nội địa), hướng dẫn viên hỗ trợ khách làm thủ tục đáp chuyến bay đi Hà Nội. Đến sân bay Nội Bài, xe đưa Quý khách đi Ninh Bình, tham quan:\\nChùa Bái Đính - một quần thể chùa với nhiều kỷ lục Việt Nam như pho tượng phật Di Lặc bằng đồng nặng 80 tấn, hành lang với 500 tượng vị La Hán, tòa Bảo Tháp cao 99m…\\nKhu Du Lịch Tràng An: Quý khách lên thuyền truyền thống đi tham quan thắng cảnh hệ thống núi đá vôi hùng vĩ và các thung lũng ngập nước, thông với nhau bởi các dòng suối tạo nên các hang động ngập nước quanh năm. Điểm xuyến trong không gian hoang sơ, tĩnh lặng là hình ảnh rêu phong, cổ kính của các mái đình, đền, phủ nằm nép mình dưới chân các dãy núi cao.\\nNghỉ đêm tại Ninh Bình.'),(62,19,'Ngày 2','2022-08-17','NINH BÌNH – HẠ LONG','03 bữa ăn: (Sáng, Trưa, Chiều)\\nQuý khách ăn sáng và trả phòng khách sạn. Khởi hành đến thành phố biển Hạ Long. Đến nơi, Quý khách xuống thuyền đi du ngoạn Vịnh Hạ Long - Thắng cảnh thiên nhiên tuyệt đẹp và vô cùng sống động, được UNESCO công nhận là di sản thiên nhiên Thế giới năm 1994.\\nĐộng Thiên Cung là một trong những động đẹp nhất ở Hạ Long. Vẻ đẹp nguy nga và lộng lẫy bởi những lớp thạch nhũ và những luồng ánh sáng lung linh.\\nTừ trên tàu ngắm nhìn các hòn đảo lớn nhỏ trong Vịnh Hạ Long: Hòn Gà Chọi, Hòn Lư Hương.\\n  Xe đón Quý khách đi dùng cơm tối và nhận phòng khách sạn, tự do nghỉ ngơi.\\nHoặc lựa chọn một số dịch vụ khám phá Hạ Long về đêm (tự túc phương tiện và chi phí tham quan):\\nTrải nghiệm dịch vụ Cáp Treo Nữ Hoàng tại Sun World Hạ Long Complex trên Núi Ba Đèo, chiêm ngưỡng cảnh đẹp về đêm của thành phố Hạ Long dưới ánh đèn lung linh (thời gian hoạt động cáp treo dự kiến từ 10h đến 18h các ngày thứ 7 và CN)\\n  Nghỉ đêm tại Hạ Long.'),(63,19,'Ngày 3','2022-08-18','HẠ LONG – HÀ NỘI','03 Bữa ăn: (Sáng, Trưa, Chiều)\\nQuý khách ăn sáng tại khách sạn. Xe đưa Quý khách đi tham quan Bảo Tàng Quảng Ninh và chụp hình bên ngoài Cung Cá Heo - Cung Quy Hoạch, Hội Chợ, Triển Lãm Và Văn Hóa Quảng Ninh, dường như đã trở thành điểm đến ấn tượng trong du khách với lối kiến trúc độc đáo.\\n*** Từ tháng 5 đến tháng 9 hàng năm là thời điểm phù hợp để Quý khách tắm biển tại thành phố Hạ Long nên chương trình tham quan sẽ được thay thế bằng trải nghiệm bãi tắm nhân tạo Bãi Cháy của Sunworld Halong Complex, chiêm ngưỡng vẻ đẹp của vịnh Hạ Long dưới những bóng cây nhiệt đới, thỏa sức tắm biển trong làn nước trong xanh tuyệt đẹp và bãi cát trắng với chiều dài lên đến 900m. Quý khách tự túc chi phí tắm tráng và các dịch vụ trên bãi biển.\\nQuý khách về khách sạn trả phòng và dùng cơm trưa.\\nXe khởi hành đưa Quý khách về Hà Nội, dạo quanh Hồ Hoàn Kiếm ngắm bên ngoài Tháp Rùa, Đền Ngọc Sơn, Cầu Thê Húc. Quý khác nhận phòng khách sạn nghỉ ngơi hoặc tự do đi tham quan phố cổ Hà Nội.\\nNghỉ đêm tại Hà Nội. '),(64,19,'Ngày 4','2022-08-19','SB NỘI BÀI – SB TÂN SƠN NHẤT (TP.HCM)','01 bữa ăn: (Ăn sáng)\\nQuý khách ăn sáng và trả phòng khách sạn. Sau đó, xe khởi hành đưa Quý khách ra sân bay Nội Bài làm thủ tục đón chuyến bay về Tp.HCM. Chia tay Quý khách và kết thúc chương trình du lịch tại sân bay Tân Sơn Nhất.      \\n  KẾT THÚC CHƯƠNG TRÌNH, TẠM BIỆT QUÝ KHÁCH!\\n  *Lưu ý :\\nHành trình có thể thay đổi thứ tự điểm đến tùy vào điều kiện thực tế.\\n Lịch trình tham quan (tắm biển, ngắm hoa, trải nghiệm,...) rất dễ bị ảnh hưởng bởi thời tiết. Đây là trường hợp bất khả kháng mong Quý khách hiểu và thông cảm.\\nKhách Sạn có thể ở xa trung tâm thành phố vào các mùa Cao Điểm.\\nVì những yếu tố khách quan trong giai đoạn này, điểm tham quan có thể đóng cửa và được thay bằng điểm khác phù hợp với chương trình.'),(65,20,'Ngày 1','2022-08-16','TP.HCM - PHÚ QUỐC (Ăn 1 bữa: chiều)','Quý khách tập trung tại Sân bay Tân Sơn Nhất, ga đi trong nước. Hướng dẫn viên làm thủ tục cho Quý khách đáp chuyến bay đi Phú Quốc. Xe đón đoàn tại sân bay đưa Quý khách tham quan: \\n-    Dinh Cậu: biểu tượng văn hoá và tín ngưỡng của đảo Phú Quốc. Nơi ngư dân địa phương gởi gắm niềm tin cho một chuyến ra khơi đánh bắt đầy ắp cá khi trở về. Sau đó, đoàn viếng dinh Bà Thủy Long Thánh Mẫu - thờ thần Nữ Kim Giao, người phụ nữ được người dân Phú Quốc rất mực tôn kính vì có công khai phá huyện đảo này.\\n-    Chùa Sư Muôn (Hùng Long Tự): ngôi chùa có kiến trúc dân gian, nằm trên triền núi, mặt hướng ra biển, xung quanh cây cối xanh tốt. Đến đây du khách cảm nhận vẻ đẹp thanh tịnh, bình yên và cầu nguyện sự an lành và hạnh phúc đến với gia đình.\\n-    Trại rắn Đồng Tâm 2: trung tâm nghiên cứu và bảo tồn các loại rắn quý trên đảo. Tại đây, Quý khách được nghe giới thiệu, tìm hiểu về các loài rắn: rắn hổ mang, rắn hổ chúa, rắn cạp nong, rắn lục đuôi đỏ… và trải nghiệm chụp hình với những con trăn đã được thuần hóa.\\nXe sẽ đưa Quý khách ăn tối tại khu vực Hàm Ninh.\\nSau khi ăn tối, Quý khách tự do dạo chợ đêm Phú Quốc - thưởng thức hải sản (chi phí tự túc).\\nNghỉ đêm tại Phú Quốc.'),(66,20,'Ngày 2','2022-08-17','PHÚ QUỐC - HÒN THƠM - TRẢI NGHIỆM CÁP TREO VƯỢT BIỂN (Ăn 3 bữa: sáng, trưa, chiều)','Sau khi ăn sáng, xe đưa đoàn đến nhà ga cáp treo An Thới đi Sun World Hon Thom Nature Park với những trải nghiệm thú vị:\\n-    Trải nghiệm cáp treo 3 dây vượt biển dài nhất thế giới - 7.899.9 mét.\\n-    Phấn khích tột độ cùng thử thách \\\"Mộc Xà thịnh nộ\\\" - trò chơi tàu lượn bằng gỗ đầu tiên tại Việt Nam, có tốc độ tối đa 80km/h với nhiều góc lượn ngọan mục; đài quan sát \\\"Mắt đại bàng\\\" cao 120m - du khách như được bay lên không trung, thưởng ngoạn đại dương xanh ngắt bao la, những cánh rừng nhiệt đới xanh mướt, những đảo nhỏ nhấp nhô giữa biển trời khoáng đạt (trò chơi có thể tạm dừng vì lịch bảo trì)\\n-    Thỏa thích tắm biển hòn Thơm: một trong những bãi biển “quyến rũ nhất hành tinh”, với bãi cát trắng mịn, hoang sơ, hàng dừa nghiêng soi bóng, màu nước biển xanh màu ngọc bích, phản chiếu long lanh dưới ánh nắng mặt trời.\\n-    Tham gia các hoạt động giải trí trên biển: kayak, jetki, dù lượn, phao chuối (chi phí tự túc).\\n-    Vui chơi tại công viên nước Aquatopia: một trong những công viên nước chủ đề hàng đầu Đông Nam Á, trải nghiệm 6 khu check-in chủ đề hấp dẫn mang phong cách thổ dân huyền bí.\\n  Xe đưa Quý khách tham quan và mua sắm đặc sản nổi tiếng tại vườn tiêu Đức Thạnh, nhà thùng nước mắm Hồng Đức 1, đặc sản khô, cơ sở sản xuất ngọc trai Phú Quốc - Trưng bày các trang sức bằng ngọc trai chính hiệu được nuôi cấy tại Phú Quốc.\\nNghỉ đêm tại Phú Quốc.'),(67,20,'Ngày 3','2022-08-18','PHÚ QUỐC - BÃI SAO - TP.HCM (Ăn 2 bữa: sáng, trưa)','Quý khách dùng bữa sáng, xe đưa Quý khách đến tham quan tắm biển bãi Sao nằm ở phía Nam đảo - một bãi biển dịu êm, bãi cát dài tĩnh lặng và nguyên sơ nơi đảo xanh. Tại đây Quý khách sẽ thật sự cảm thấy yên bình, thư thái và dường như cuộc sống chậm lại khi hòa mình cùng thiên nhiên.\\nXe đưa đoàn ra sân bay Phú Quốc đáp chuyến bay trở về TP.HCM. Chia tay Quý khách và kết thúc chương trình du lịch tại sân bay Tân Sơn Nhất.\\nĐiều kiện nhận khách\\n- Tất cả các khách đều phải khai báo y tế (mục khai di chuyển nội địa) trên ứng dụng PC-Covid, việc khai hộ chỉ áp dụng cho khách đi chung chuyến bay.\\n- Nhận khách địa phương/ ngoại tỉnh từ địa phương nguy cơ thấp và trung bình (xanh và vàng)\\n- Đảm bảo nguyên tắc 5K, khử khuẩn.\\n- Quý khách đã hoàn thành tiêm 2 mũi vaccine ngừa Covid-19 và có thẻ xanh hoặc giấy xác nhận tiêm chủng (mũi thứ 2 đủ 14 ngày so với ngày khởi hành) hoặc Quý khách đã khỏi bệnh có giấy xác nhận trong vòng 6 tháng.\\nQuý khách lưu ý\\n- Giờ bay phụ thuộc vào hãng hàng không, số bữa ăn phụ thuộc vào giờ bay\\n- Nếu chuyến bay ngày thứ 3 trong chương trình về chuyến buổi sáng thì bữa ăn trưa ngày thứ 3 sẽ được chuyển sang ngày thứ 1. \\n- Đây là chương trình du lịch trọn gói, Vietravel không có trách nhiệm hoàn trả chi phí chênh lệch cho các khách hàng thuộc diện miễn giảm hoặc đối tượng ưu tiên như trẻ nhỏ, người lớn tuổi, người có công với cách mạng… Chính sách miễn giảm, ưu tiên (nếu có) chỉ dành cho khách lẻ của các điểm tham quan.'),(68,21,'Ngày 1','2022-08-16','TP.HCM – SB NỘI BÀI – HÀ NỘI (tự túc ăn ngày đầu tiên)','Quý khách tập trung tại sân bay Tân Sơn Nhất (Ga nội địa), hướng dẫn viên hỗ trợ khách làm thủ tục đáp chuyến bay đi Hà Nội. Đến sân bay Nội Bài, xe và HDV Vietravel đón Quý khách đi Hà Nội nhận phòng khách sạn nghỉ ngơi hoặc tự do đi tham quan Hồ Hoàn Kiếm ngắm bên ngoài Tháp Rùa, Đền Ngọc Sơn, Cầu Thê Húc.\\nNghỉ đêm tại Hà Nội'),(69,21,'Ngày 2','2022-08-17','HÀ NỘI – SAPA 03 bữa ăn: (Sáng, Trưa, Chiều)','Quý khách ăn sáng và trả phòng.  Xe khởi hành đưa Quý khách đi tham quan:\\nLăng Hồ Chủ Tịch (không viếng vào thứ 2, thứ 6 hàng tuần và giai đoạn bảo trì định kì hàng năm 15/6 – 15/8) tham quan và tìm hiểu cuộc đời và sự nghiệp của vị cha già dân tộc tại Nhà Sàn Bác Hồ, Bảo Tàng Hồ Chí Minh, Chùa Một Cột.\\nTiếp tục hành trình, xe khởi hành theo cao tốc Hà Nội – Lào Cai đưa Quý khách đến phố núi Sapa. Trên đường, Quý khách dùng cơm trưa tại nhà hàng địa phương. Đến nơi, Quý khách tham quan:\\nBản Cát Cát - đẹp như một bức tranh giữa vùng phố cổ Sapa, nơi đây thu hút du khách bởi cầu treo, thác nước, guồng nước và những mảng màu hoa mê hoặc du khách khi lạc bước đến đây. Thăm những nếp nhà của người Mông, Dao, Giáy trong bản, du khách sẽ không khỏi ngỡ ngàng trước vẻ đẹp mộng mị của một trong những ngôi làng cổ đẹp nhất Sapa.\\nQuý khách dùng cơm tối và nhận phòng nghỉ ngơi hoặc tự do dạo phố ngắm nhà thờ Đá Sapa, tự do thưởng thức đặc sản vùng cao như: thịt lợn cắp nách nướng, trứng nướng, rượu táo mèo, giao lưu với người dân tộc vùng cao.\\nNghỉ đêm tại Sapa'),(70,21,'Ngày 3','2022-08-18','SAPA – FANSIPAN LEGEND – ĐÈO Ô QUY HỒ 03 bữa ăn: (Sáng, Trưa, Chiều)','Quý khách dùng điểm tâm sáng tại khách sạn. xe đưa đoàn ra ga Sapa, Quý khách trải nghiệm đến khu du lịch Fansipan Legend bằng Tàu hỏa leo núi Mường Hoa hiện đại nhất Việt Nam với tổng chiều dài gần 2000m, thưởng ngoạn bức tranh phong cảnh đầy màu sắc của cánh rừng nguyên sinh, thung lũng Mường Hoa.\\nChinh phục đỉnh núi Fansipan với độ cao 3.143m hùng vĩ bằng cáp treo (chi phí tự túc).\\nLễ Phật tại chùa Trình hay cầu phúc lộc, bình an cho gia đình tại Bích Vân Thiền Tự trong hệ thống cảnh quan tâm linh trên đỉnh Fansipan.\\nTiếp tục hành trình, Quý khách dùng cơm trưa và tham quan:\\nChinh phục đèo Ô Quy Hồ - con đèo đẹp, hùng vĩ và dài nhất trong Tứ Đại Đỉnh Đèo miền Bắc.\\nKhu du lịch Cổng Trời Ô Quy Hồ - một trong những điểm săn mây, ngắm hoàng hôn cực đẹp tại Sapa.\\nQuý khách dùng cơm tối tại Sapa và tự do nghỉ ngơi.\\nNghỉ đêm tại Sapa.\\n  Lưu ý: Trong trường hợp, Fansipan không hoạt động chương trình sẽ được thay thế bằng điểm tham quan Cầu Kính Rồng Mây (không bao gồm vé tham quan).'),(71,21,'Ngày 4','2022-08-19','SAPA – LÀO CAI - NINH BÌNH 03 bữa ăn: (Sáng, Trưa, Chiều)','Quý khách ăn sáng và trả phòng khách sạn. Xe khởi hành đưa Quý khách đi Ninh Bình, trên đường dừng mua sắm đặc sản địa phương tại Lào Cai và dùng cơm trưa tại nhà hàng địa phương.  Đến nơi, Quý khách tham quan Chùa Bái Đính, một quần thể chùa với nhiều kỷ lục Việt Nam như pho tượng phật Di Lặc bằng đồng nặng 80 tấn, hành lang với 500 tượng vị La Hán, tòa Bảo Tháp cao 99m… Quý khách dùng cơm tối và nhận phòng khách sạn nghỉ ngơi.\\nNghỉ đêm tại Ninh Bình.'),(72,21,'Ngày 5','2022-08-20','NINH BÌNH - HẠ LONG 03 Bữa ăn: (Sáng, Trưa, Chiều)','Quý khách ăn sáng và trả phòng khách sạn. Xe đưa Quý khách đi tham quan:\\nKhu Du Lịch Tràng An: Quý khách lên thuyền truyền thống đi tham quan thắng cảnh hệ thống núi đá vôi hùng vĩ và các thung lũng ngập nước, thông với nhau bởi các dòng suối tạo nên các hang động ngập nước quanh năm. Điểm xuyến trong không gian hoang sơ, tĩnh lặng là hình ảnh rêu phong, cổ kính của các mái đình, đền, phủ nằm nép mình dưới chân các dãy núi cao.\\nTuyệt Tịnh Cốc: nằm giữa mảnh đất cố đô Hoa Lư (Ninh Bình), động Am Tiên ẩn mình giữa lưng chừng núi được mệnh danh là “thiên đường nơi hạ giới” và được giới trẻ gọi là Tuyệt Tịnh Cốc Việt Nam.\\nTiếp tục hành trình, Quý khách khởi hành đi Hạ Long qua cao tốc Hải Phòng – Hạ Long, trên đường ngắm cảnh Bạch Đằng Giang. Đến nơi, Quý khách nhận phòng khách sạn và dùng cơm tối. Tự do nghỉ ngơi tại Hạ Long.\\nNghỉ đêm tại Hạ Long.'),(73,21,'Ngày 6','2022-08-21','VỊNH HẠ LONG - HANG SỬNG SỐT – ĐẢO TI TỐP 03 Bữa ăn: (Sáng, Trưa, Chiều)','Sau khi ăn sáng, xe đưa Quý khách ra bến tàu, xuống thuyền du ngoạn Vịnh Hạ Long - Thắng cảnh thiên nhiên tuyệt đẹp và vô cùng sống động, được UNESCO công nhận là di sản thiên nhiên Thế giới năm 1994.\\nHang Sửng Sốt: một trong những hang động đá vôi đẹp nhất của Vịnh\\nĐảo Ti Tốp:  nơi Bác Hồ cùng nhà anh hùng vũ trụ Liên Xô Ghét –Man Ti Tốp dừng chân; Quý khách có thể tắm biển, tự do tham quan đảo. Hoặc lựa chọn tham quan hang Luồn bằng đò chèo tay, kayak tự chèo (chi phí tự túc).\\nChiều, xe đưa Quý khách đi tham quan: ngắm công trình Cầu Bãi Cháy và chụp hình bên ngoài Bảo tàng Quảng Ninh, Cung Cá Heo - Cung Quy Hoạch, Hội Chợ, Triển Lãm Và Văn Hóa Quảng Ninh, dường như đã trở thành điểm đến ấn tượng trong du khách với lối kiến trúc độc đáo.\\nNghỉ đêm tại Hạ Long.'),(74,21,'Ngày 7','2022-08-22','HẠ LONG – YÊN TỬ - SB NỘI BÀI 02 Bữa ăn: (Sáng, Trưa)','Quý khách ăn sáng và trả phòng khách sạn. Xe khởi hành đưa Quý khách đi tham quan Danh thắng Yên Tử:\\nQuý khách lên cáp treo du ngoạn thắng cảnh thiên nhiên Đông Yên Tử (chi phí cáp treo tự túc), nơi còn lưu giữ nhiều di tích lịch sử mệnh danh “Đất tổ Phật giáo Việt Nam”, chiêm bái chùa Một Mái, chùa Hoa Yên – nơi tu hành của phật hoàng Trần Nhân Tông khai sinh ra dòng mới Thiền Phái Trúc Lâm, nằm trên lưng chừng núi ở độ cao 516m. Theo dấu chân Phật Hoàng viếng Chùa Đồng có tên Thiên Trúc Tự (chùa Cõi Phật), tọa lạc ở đỉnh cao nhất dãy Yên Tử (1.068m) – ngôi chùa bằng đồng lớn nhất Việt Nam. \\nTiếp tục hành trình, xe khởi hành đưa Quý khách ra sân bay Nội Bài làm thủ tục đón chuyến bay về Tp.HCM. Chia tay Quý khách và kết thúc chương trình du lịch tại sân bay Tân Sơn Nhất.\\n  KẾT THÚC CHƯƠNG TRÌNH, TẠM BIỆT QUÝ KHÁCH!\\n*Lưu ý :\\nHành trình có thể thay đổi thứ tự điểm đến tùy vào điều kiện thực tế.\\n Lịch trình tham quan (tắm biển, ngắm hoa, trải nghiệm,...) rất dễ bị ảnh hưởng bởi thời tiết. Đây là trường hợp bất khả kháng mong Quý khách hiểu và thông cảm.\\nKhách Sạn có thể ở xa trung tâm thành phố vào các mùa Cao Điểm.\\nVì những yêu tố khách quan trong giai đoạn này, điểm tham quan có thể đóng cửa và được thay bằng điểm khác phù hợp với chương trình.'),(75,22,'Ngày 1','2022-08-16','TP. HỒ CHÍ MINH - PHÚ QUỐC - GRAND WORLD Số bữa ăn: (tự túc)','Quý khách tập trung tại Sân bay Tân Sơn Nhất, ga đi Trong Nước. Hướng dẫn viên làm thủ tục cho Quý khách chuyến bay chiều phút đi Phú Quốc. Xe đón đoàn tại sân bay đưa về khách sạn nhận phòng nghỉ ngơi \\nBuổi tối, Quý khách có thể tự do khám phá một số hạng mục nổi bật tại “thành phố không ngủ” Grand World như: \\n•    Check in Huyền thoại tre – công trình tre lớn nhất Việt Nam.\\n•    Tham quan Công viên Nghệ thuật Đương đại Urban Park - nơi quy tụ những tác phẩm nghệ thuật độc đáo ẩn mình giữa thiên nhiên, là sự giao thoa đặc sắc giữa nghệ thuật đương đại và thiên nhiên Đảo Ngọc.\\n•    Tản bộ bên dòng “kênh đào Venice” và nhìn ngắm những chiếc thuyền Gondola, khu phố shophouse lộng lẫy sắc màu, cổng lâu đài tráng lệ, ba cây cầu vòm bán nguyệt...\\n•    Thưởng thức bữa tiệc ánh sáng đỉnh cao với show diễn “Sắc màu Venice”.\\n•    Tham quan Bảo Tàng Gấu Teddy nơi lưu giữ nhiều hiện vật quý giá và tái hiện chuyến phiêu lưu hài hước của “nhà thám hiểm tài ba” Teddy Jones (chi phí tự túc).\\n•    Mãn nhãn với chương trình biểu diễn nghệ thuật “Tinh Hoa Việt Nam” quy tụ hơn 200 diễn viên (chi phí tự túc).\\nNghỉ đêm tại Phú Quốc.'),(76,22,'Ngày 2','2022-08-17','VUI CHƠI THỎA THÍCH TẠI CÔNG VIÊN CHỦ ĐỀ VINWONDERS PHÚ QUỐC – KHU BẢO TỒN THIÊN NHIÊN SAFARI Số bữa ăn: 03 bữa (Sáng, Trưa, Chiều)','Sau khi ăn sáng, Quý khách sẽ đến khám phá Vinpearl Safari Phú Quốc -Vườn Thú Bán Hoang Dã đầu tiên tại Việt Nam – với quy mô 180ha, với hơn 130 loài động vật quý hiếm và các chương trình Biểu diễn động vật, Chụp ảnh với động vật, Khám phá và trải nghiệm Vườn thú mở trong rừng tự nhiên, gần gũi và thân thiện với con người. \\nBuổi chiều, Quý khách tham quan khám phá Khu vui chơi giải trí VinWonders - công viên chủ đề lớn nhất Việt Nam, quy mô hàng đầu Châu Á, du khách sẽ được:\\n•    Trải nghiệm 12 nền văn minh nhân loại từ cổ chí kim;\\n•    Khám phá 06 phân khu với hơn 100 hoạt động giải trí siêu độc lạ;\\n•    Cuồng nhiệt tại Công Viên Nước lớn nhất Đông Nam Á;\\n•    Chinh phục 20 trò chơi mạo hiểm khủng nhất hành tinh như đường trượt nhanh nhất thế giới “Cơn thịnh nộ của Zeus”, đường trượt khô “Cuộc chiến Chằn tinh” cao 15m đầu tiên của Việt Nam, đường trượt trong nhà tối “Chiến binh Đại bàng” và “Lời nguyền Ác long” - trò chơi tương tác trong nhà tối đầu tiên của Việt Nam,…\\n•    Ngỡ ngàng với show diễn triệu đô Once đẳng cấp thế giới;\\n•    Choáng ngợp trước thế giới đại dương huyền ảo với tầm nhìn vô cực qua tấm kính acrylic khổng lồ 8x25m bên trong Cung điện Hải vương - thủy cung hình rùa lớn nhất thế giới.\\nQuý khách thưởng thức bữa tối tại VinWonders. Nghỉ đêm tại Phú Quốc.'),(77,22,'Ngày 3','2022-08-18','PHÚ QUỐC - TP. HỒ CHÍ MINH Số bữa ăn: 03 bữa (Sáng, trưa, chiều)','Sau khi ăn sáng, xe đón đoàn tham quan Hon Thom Nature Park:\\n-    Trải nghiệm cáp treo xác lập kỷ lục thế giới mới “Cáp treo 3 dây vượt biển dài nhất thế giới - 7.899.9m” với góc nhìn 360 độ ngang qua Hòn Rơi, Hòn Dừa và dừng chân tại Hòn Thơm. Chỉ khoảng 15 phút trên cáp treo, Quý khách sẽ những khoảnh khắc tuyệt vời với bức tranh biển trời tại Nam Đảo Phú Quốc.\\n-    Vui chơi tại một trong những bãi biển “quyến rũ nhất hành tinh” Hòn Thơm với bãi cát trắng mịn, hoang sơ, hàng dừa nghiêng soi bóng, màu nước biển xanh màu ngọc bích, phản chiếu long lanh dưới ánh nắng mặt trời. \\n-    Quý khách tham gia vào hành trình khám phá Công viên nước chủ đề hiện đại nhất Đông Nam Á Aquatopia, trải nghiệm 6 khu check in chủ đề hấp dẫn mang phong cách thổ dân huyền bí. Đoàn dùng cơm trưa tại Hòn Thơm và tự do vui chơi tại công viên nước hoặc tắm biển.\\n-    Thử thách với các hoạt động giải trí trên biển: kayak, jetki, dù lượn, phao chuối (chi phí tự túc).\\nXe đưa Quý khách ra sân bay đáp chuyến bay trở về TP. Hồ Chí Minh. Chia tay Quý khách và kết thúc chương trình du lịch tại sân bay Tân Sơn Nhất.\\nQuý khách lưu ý: \\n-  Giờ bay phụ thuộc vào hãng hàng không, số bữa ăn phụ thuộc vào giờ bay, có thể hoán đổi bữa ăn trưa ngày 3 sang ngày 1\\n-  Đây là chương trình du lịch trọn gói, Vietravel không có trách nhiệm hoàn trả chi phí chênh lệch cho các khách hàng thuộc diện miễn giảm hoặc đối tượng ưu tiên như trẻ nhỏ, người lớn tuổi, người có công với cách mạng… Chính sách miễn giảm, ưu tiên (nếu có) chỉ dành cho khách lẻ của các điểm tham quan.'),(78,23,'Ngày 1','2022-08-17','TP.HCM - ĐÀ LẠT – CHECK IN ĐIẸN GIÓ - ĐỒI CHÈ – IXORA - THUNG LŨNG ĐÈN (Ăn sáng, trưa, chiều)','Quý khách tập trung tại Vietravel (190 Pasteur, Q. 3, TP. HCM), đoàn khởi hành đi Đà Lạt. Trên đường đi Quý khách dừng chân ăn sáng. Vượt Đèo Chuối, Đèo Bảo Lộc - Thưởng ngoạn cảnh đẹp của núi rừng Tây Nguyên với rừng cao su, đồi chè, đồi cà phê… Đến Di Linh dùng bữa trưa và tham quan Khu Du Lịch Tea Bobla Waterfall:\\nThác Bobla: Sở hữu nét đẹp hoang sơ, trông xa như một dải lụa trắng, bay phất phơ giữa núi rừng. Đến gần để cảm nhận rõ hơn sự hùng vĩ của dòng thác tung bọt trắng xóa tạo nên màn sương khói huyền ảo. Ôm trọn dòng thác là thềm đá với thảm thực vật phủ xanh 2 bên tạo nét huyền bí pha lẫn sự tươi mát cho du khách đến chiêm ngưỡng.\\nKhám phá vườn thú: Ngắm nhìn những loài động vật quý hiếm, hội tụ từ khắp nơi trên thế giới như Công bạch tạng, Đại bàng Mỹ, Vẹt đuôi dài Nam Mỹ, Cầy Magut châu Phi, Thiên nga, Yến phụng, Lạc đà Alpaca, Mèo rừng, Cáo sa mạc…\\nĐoàn dùng bữa trưa tại Khu du lịch. Sau đó, tiếp tục hành trình đến Đà Lạt. \\nĐồi chè Cầu Đất, check in Điện Gió: trên đầu là bầu trời xanh ngát với làn mây trắng bay bay, bên dưới là thảm trà xanh tươi tắn, ở giữa là những cánh quạt gió trắng quay đều tuyệt đẹp không chỉ đưa lữ khách hòa mình vào thiên nhiên khoáng đạt mà còn ngẫu nhiên kết hợp những gam màu hài hòa, mang đến những bức ảnh vô cùng nên thơ.\\nIxora Café: nằm giữa bạt ngàn cây xanh, hoa cỏ đua nhau khoe sắc. Mỗi góc tại đây đều đang trang trí tỉ mỉ cho ngay những bức hình cực chất. Không khí lãng mạn cùng địa hình uốn lượn độc đáo nhưng không kém phần gần gũi, thơ mộng với nhiều tiểu cảnh độc đáo như hồ nước nhỏ được thiết kế theo cảm hứng ốc đảo giữa lòng sa mạc, những bụi hoa xinh xắn hay xích đu, cổng mặt trời, ghế tròn độc đáo với kiểu dáng riêng biệt, kết hợp tạo nên một không gian ấn tượng.\\nĂn tối tại Làng Atiso: tìm hiểu quy trình sx cao atiso và thưởng thức bữa ăn thực dưỡng từ Atiso với món heo lên mâm, chạo atiso và lẩu atiso trong không gian đậm chất Boho màu sắc hay phóng tầm mắt ngắm thung lũng đèn lung linh mỗi khi đêm về...\\nNghỉ đêm tại Đà Lạt.'),(79,23,'Ngày 2','2022-08-18','ĐÀ LẠT – BỮA TIỆC ÂM NHẠC CÙNG MÂY LANG THANG (Ăn sáng, trưa, tự túc bữa tối)','Sau khi ăn sáng, Quý khách khởi hành đi tham quan:\\nKhu du lịch Quỷ Núi: hiện diện trên mảnh đồi thơ mộng nơi phố núi với không gian xanh mát từ những khóm cây, tầng lá, đan xen cùng những tượng gỗ hình thù kỳ quái. Dưới từng bước chân đi là lãng đãng khói sương mở ra câu chuyện cổ tích mang tên “Quỷ Núi”. Xuyên suốt hành trình, Quý khách sẽ được truyền tải về câu chuyện qua những trạm dừng, chương trình biểu diễn mini với sự kết hợp giữa âm thanh, ánh sáng xuyên kẽ lá của khu vườn, phần nào làm tăng thêm sức quyến rũ rất riêng. Bên cạnh khu vườn nghệ thuật được chăm chút là hệ thống thủy sinh nước ngọt cùng những trại bảo tồn cá vô cùng đa dạng và phong phú, kết hợp ghềnh thác tự nhiên ngày đêm cuộn trào tuôn chảy cho không khí thêm phần mát rượi, thành khiết.\\nĐoàn dùng bữa trưa và về nhận phòng nghỉ ngơi.\\n16h30 chiều, đoàn đến thưởng thức đêm nhạc cùng Mây Lang Thang tại Mang Ling: ngắm hoàng hôn buông dần trong không khí se lạnh nhưng ấm nồng như ly vang giữa đông từ những giọng ca tên tuổi. \\nBuổi tối, Quý khách tự do thưởng thức ẩm thực đường phố độc đáo của Đà Lạt như bánh tráng nướng phố Xuân Diệu, sữa đậu nành Tăng Bạt Hổ, Kem Bơ, xiên nướng,…\\nNghỉ đêm tại Đà Lạt.'),(80,23,'Ngày 3','2022-08-19','ĐÀ LẠT – TRẢI NGHIỆM XÍCH ĐU TIÊN – TP.HCM (Ăn sáng, trưa)','Sau khi dùng bữa sáng, Quý khách trả phòng và ghé tham quan:\\nChợ Đà Lạt: cùng tham gia vào sự nhộn nhịp của khu giao thương nông sản hoa màu bậc nhất Tây Nguyên, mua rau củ tươi hay những loại cây kiểng về làm quà. Đặc biệt, Quý khách có thể vào trong trung tâm chợ, check in từ trên lầu cao ngắm phố nhỏ nhộn nhịp bên dưới tựa như những khu phố của HongKong. \\nSau khi mua sắm thỏa thích, Quý khách chia tay Đà Lạt theo con đường Tà Nung về lại TP. HCM. Trên đường về, Quý khách tham quan:\\nKDL Cao Nguyên Hoa: với diện tích hơn 122ha, là nơi bảo tồn đa dạng sinh học đặc biệt là các lòai hoa thân gỗ không chỉ có ở Đà Lạt mà còn trên toàn Thế giới với mảng xanh của rừng - thảm cỏ tự nhiên rộng khắp, điểm xuyến những khóm hoa Thanh Anh nhẹ nhàng dọc lối đi. Đến đây Quý khách sẽ được trải nghiệm:\\nQuán Seven-T Coffee nằm giữa rừng thông với view 360° núi đồi xanh mát, bể bơi vô cực giữa rừng nhiệt đới\\nXả stress và ghi lại những khoảnh khắc đẹp với Đà Lạt Swing – trò chơi “xích đu tiên” lớn nhất Việt Nam.\\nRose Garden – vườn hoa hồng với hàng trăm gốc hồng ngoại, hồng nội, hồng cổ thụ quý hiếm tỏa hương khoe sắc bốn mùa.\\nCon đường rừng nhiệt đới dẫn lối đến gốc si cổ thụ nghìn năm huyền bí và cổ kính.\\nThoả sức chụp hình check in với dàn siêu xe cực chill, cực chất hay ngôi nhà phù thủy, đồi mai anh đào, đồi huệ sông nile, đồi hoa sim tím, đồi hoa hoàng yến,…\\nĐến Bảo Lộc dùng bữa trưa rồi tiếp tục về TP.HCM. \\nĐến điểm đón ban đầu, chia tay Quý khách và kết thúc chuyến đi nhiều trải nghiệm.'),(81,24,'Ngày 1','2022-08-17','TP.HCM - ĐÀ LẠT – CHECK IN ĐIẸN GIÓ - ĐỒI CHÈ – IXORA - THUNG LŨNG ĐÈN (Ăn sáng, trưa, chiều)','Quý khách tập trung tại Vietravel (190 Pasteur, Q. 3, TP. HCM), đoàn khởi hành đi Đà Lạt. Trên đường đi Quý khách dừng chân ăn sáng. Vượt Đèo Chuối, Đèo Bảo Lộc - Thưởng ngoạn cảnh đẹp của núi rừng Tây Nguyên với rừng cao su, đồi chè, đồi cà phê… Đến Di Linh dùng bữa trưa và tham quan Khu Du Lịch Tea Bobla Waterfall:\\nThác Bobla: Sở hữu nét đẹp hoang sơ, trông xa như một dải lụa trắng, bay phất phơ giữa núi rừng. Đến gần để cảm nhận rõ hơn sự hùng vĩ của dòng thác tung bọt trắng xóa tạo nên màn sương khói huyền ảo. Ôm trọn dòng thác là thềm đá với thảm thực vật phủ xanh 2 bên tạo nét huyền bí pha lẫn sự tươi mát cho du khách đến chiêm ngưỡng.\\nKhám phá vườn thú: Ngắm nhìn những loài động vật quý hiếm, hội tụ từ khắp nơi trên thế giới như Công bạch tạng, Đại bàng Mỹ, Vẹt đuôi dài Nam Mỹ, Cầy Magut châu Phi, Thiên nga, Yến phụng, Lạc đà Alpaca, Mèo rừng, Cáo sa mạc…\\nĐoàn dùng bữa trưa tại Khu du lịch. Sau đó, tiếp tục hành trình đến Đà Lạt. \\nĐồi chè Cầu Đất, check in Điện Gió: trên đầu là bầu trời xanh ngát với làn mây trắng bay bay, bên dưới là thảm trà xanh tươi tắn, ở giữa là những cánh quạt gió trắng quay đều tuyệt đẹp không chỉ đưa lữ khách hòa mình vào thiên nhiên khoáng đạt mà còn ngẫu nhiên kết hợp những gam màu hài hòa, mang đến những bức ảnh vô cùng nên thơ.\\nIxora Café: nằm giữa bạt ngàn cây xanh, hoa cỏ đua nhau khoe sắc. Mỗi góc tại đây đều đang trang trí tỉ mỉ cho ngay những bức hình cực chất. Không khí lãng mạn cùng địa hình uốn lượn độc đáo nhưng không kém phần gần gũi, thơ mộng với nhiều tiểu cảnh độc đáo như hồ nước nhỏ được thiết kế theo cảm hứng ốc đảo giữa lòng sa mạc, những bụi hoa xinh xắn hay xích đu, cổng mặt trời, ghế tròn độc đáo với kiểu dáng riêng biệt, kết hợp tạo nên một không gian ấn tượng.\\nĂn tối tại Làng Atiso: tìm hiểu quy trình sx cao atiso và thưởng thức bữa ăn thực dưỡng từ Atiso với món heo lên mâm, chạo atiso và lẩu atiso trong không gian đậm chất Boho màu sắc hay phóng tầm mắt ngắm thung lũng đèn lung linh mỗi khi đêm về...\\nNghỉ đêm tại Đà Lạt.'),(82,24,'Ngày 2','2022-08-18','ĐÀ LẠT – BỮA TIỆC ÂM NHẠC CÙNG MÂY LANG THANG (Ăn sáng, trưa, tự túc bữa tối)','Sau khi ăn sáng, Quý khách khởi hành đi tham quan:\\nKhu du lịch Quỷ Núi: hiện diện trên mảnh đồi thơ mộng nơi phố núi với không gian xanh mát từ những khóm cây, tầng lá, đan xen cùng những tượng gỗ hình thù kỳ quái. Dưới từng bước chân đi là lãng đãng khói sương mở ra câu chuyện cổ tích mang tên “Quỷ Núi”. Xuyên suốt hành trình, Quý khách sẽ được truyền tải về câu chuyện qua những trạm dừng, chương trình biểu diễn mini với sự kết hợp giữa âm thanh, ánh sáng xuyên kẽ lá của khu vườn, phần nào làm tăng thêm sức quyến rũ rất riêng. Bên cạnh khu vườn nghệ thuật được chăm chút là hệ thống thủy sinh nước ngọt cùng những trại bảo tồn cá vô cùng đa dạng và phong phú, kết hợp ghềnh thác tự nhiên ngày đêm cuộn trào tuôn chảy cho không khí thêm phần mát rượi, thành khiết.\\nĐoàn dùng bữa trưa và về nhận phòng nghỉ ngơi.\\n16h30 chiều, đoàn đến thưởng thức đêm nhạc cùng Mây Lang Thang tại Mang Ling: ngắm hoàng hôn buông dần trong không khí se lạnh nhưng ấm nồng như ly vang giữa đông từ những giọng ca tên tuổi. \\nBuổi tối, Quý khách tự do thưởng thức ẩm thực đường phố độc đáo của Đà Lạt như bánh tráng nướng phố Xuân Diệu, sữa đậu nành Tăng Bạt Hổ, Kem Bơ, xiên nướng,…\\nNghỉ đêm tại Đà Lạt.'),(83,24,'Ngày 3','2022-08-19','ĐÀ LẠT – TRẢI NGHIỆM XÍCH ĐU TIÊN – TP.HCM (Ăn sáng, trưa)','Sau khi dùng bữa sáng, Quý khách trả phòng và ghé tham quan:\\nChợ Đà Lạt: cùng tham gia vào sự nhộn nhịp của khu giao thương nông sản hoa màu bậc nhất Tây Nguyên, mua rau củ tươi hay những loại cây kiểng về làm quà. Đặc biệt, Quý khách có thể vào trong trung tâm chợ, check in từ trên lầu cao ngắm phố nhỏ nhộn nhịp bên dưới tựa như những khu phố của HongKong. \\nSau khi mua sắm thỏa thích, Quý khách chia tay Đà Lạt theo con đường Tà Nung về lại TP. HCM. Trên đường về, Quý khách tham quan:\\nKDL Cao Nguyên Hoa: với diện tích hơn 122ha, là nơi bảo tồn đa dạng sinh học đặc biệt là các lòai hoa thân gỗ không chỉ có ở Đà Lạt mà còn trên toàn Thế giới với mảng xanh của rừng - thảm cỏ tự nhiên rộng khắp, điểm xuyến những khóm hoa Thanh Anh nhẹ nhàng dọc lối đi. Đến đây Quý khách sẽ được trải nghiệm:\\nQuán Seven-T Coffee nằm giữa rừng thông với view 360° núi đồi xanh mát, bể bơi vô cực giữa rừng nhiệt đới\\nXả stress và ghi lại những khoảnh khắc đẹp với Đà Lạt Swing – trò chơi “xích đu tiên” lớn nhất Việt Nam.\\nRose Garden – vườn hoa hồng với hàng trăm gốc hồng ngoại, hồng nội, hồng cổ thụ quý hiếm tỏa hương khoe sắc bốn mùa.\\nCon đường rừng nhiệt đới dẫn lối đến gốc si cổ thụ nghìn năm huyền bí và cổ kính.\\nThoả sức chụp hình check in với dàn siêu xe cực chill, cực chất hay ngôi nhà phù thủy, đồi mai anh đào, đồi huệ sông nile, đồi hoa sim tím, đồi hoa hoàng yến,…\\nĐến Bảo Lộc dùng bữa trưa rồi tiếp tục về TP.HCM. \\nĐến điểm đón ban đầu, chia tay Quý khách và kết thúc chuyến đi nhiều trải nghiệm.'),(84,25,'Ngày 1','2022-08-17','TP.HỒ CHÍ MINH - BUÔN MA THUỘT - THÁC DRAYNUR (Ăn sáng, trưa, chiều)','Quý khách tập trung tại công ty Vietravel (190 Pasteur, Q3, TP. Hồ Chí Minh). Đoàn khởi hành đi Buôn Ma Thuột. Trên đường đi Quý khách dừng chân dùng bữa sáng, ngắm đường Trường Sơn huyền thoại (Quốc Lộ 14) nghe thuyết minh về các địa danh Đồng Xoài, Sóc Bom Bo, Bù Đăng,…\\nSau khi ăn trưa, đoàn khởi hành tham quan:\\n- Thác Dray Nur: một thắng cảnh đẹp nhờ sự kết hợp giữa hai dòng sông Krông Nô và Krông A Na tạo nên thác nước hùng vĩ như một bức tường thành khổng lồ.\\n**Vì lý do cung đường hạn chế di chuyển đối với xe lớn, nếu đoàn đi xe trên 35 chỗ thì sẽ chuyển sang tham quan Thác Dray Sap.\\n- Thác Dray Sap: cao khoảng 50 m, trải dài gần 100 m xứng đáng là một trong ba ngọn thác đẹp nhất nằm trên thượng nguồn sông Sê Rê Pốk. Theo tiếng Ê Đê, Dray Sap nghĩa là thác khói vì việc lượng hơi nước khổng lồ của dòng chảy bao phủ cả khu vực, khiến ngọn thác càng trở nên bí ẩn, hoang sơ. Đoàn check-in Khu nhà nấm khổng lồ đặc biệt tại thác.\\n  Quý khách nhận phòng khách sạn nghỉ ngơi. Buổi tối, Quý khách tự do hòa mình vào nhịp sống của người dân phố núi về đêm như thưởng thức “ly cà phê Ban Mê” trứ danh ngắm phố lên đèn hay ghé chợ đêm Ngã Sáu thưởng thức ẩm thực đường phố như bún đỏ, bún riêu, bún giò, canh cá dằm… hoặc đơn giản là ngồi nhâm nhi ly sữa nóng trong tiết trời se lạnh.\\nNghỉ đêm tại Buôn Ma Thuột.'),(85,25,'Ngày 2','2022-08-18','BUÔN ĐÔN – BẢO TÀNG THẾ GIỚI CÀ PHÊ (Ăn sáng, trưa, chiều)','Sau bữa sáng, đoàn tham quan:\\nBuôn Đôn: Quý khách có cơ hội ngắm cảnh hùng vĩ của rừng nguyên sinh Quốc gia Yok Đôn, tham quan cầu treo và thưởng ngoạn cảnh sông Sê Rê Pốk, nhà sàn cổ 120 năm của người Lào, tìm hiểu truyền thuyết Vua săn voi, thăm buôn làng của người dân tộc Êđê, M’Nông, Khmer…\\nBuổi chiều, Quý khách tham quan:\\nBảo tàng Thế Giới Cà Phê: được xây dựng nương theo kiến trúc không gian nhà dài quen thuộc đặc trưng của vùng đất Tây Nguyên linh thiêng, những đường cong đa hình và uyển chuyển được giao thoa với nhau tạo nên hình khối kiến trúc đặc biệt. Đoàn chụp hình bên ngoài khuôn viên của bảo tàng với những góc chụp ảo diệu (vé vào bên trong bảo tàng - chi phí tự túc).\\nSau bữa ăn chiều,Quý khách tự do tham quan Quảng Trường 10/3 - Không gian sinh hoạt địa phương nhộn nhịp của người dân phố núi vào mỗi tối.\\nNghỉ đêm tại Buôn Ma Thuột.'),(86,25,'Ngày 3','2022-08-19','BUÔN MA THUỘT - TP. HCM (Ăn sáng, trưa)','Sau bữa sáng, Qúy khách trả phòng khách sạn. Trên đường về Quý Khách ghé tham quan: \\nVườn Café Rêu Phong: được dịp tận mắt xem vườn ca cao, loại trái cây được trồng chủ yếu để lấy hạt làm nên các sản phẩm kinh tế cao trên thị trường hiện nay đó là bột ca cao và chocolate. Ngoài ra, Quý khách sẽ được thưởng thức đặc sản của quán “sinh tố ca cao” được làm từ cơm của trái ca cao, vị chua chua ngọt ngọt, một thức uống giải nhiệt lạ miệng nhưng cũng không kém phần hấp dẫn.\\nXe đưa Quý khách khởi hành về lại TP. HCM. Ăn trưa trên cung đường về. Chiều về đến TP. Hồ Chí Minh chia tay Quý khách và kết thúc chương trình du lịch.\\nGhi chú:\\nHành trình có thể thay đổi thứ tự điểm đến tùy vào điều kiện thực tế. \\nLịch trình tham quan rất dễ bị ảnh hưởng bởi thời tiết. Đây là trường hợp bất khả kháng mong Quý khách hiểu và thông cảm.\\nĐây là chương trình du lịch trọn gói, Vietravel không có trách nhiệm hoàn trả chi phí chênh lệch cho các khách hàng thuộc diện miễn giảm hoặc đối tượng ưu tiên như trẻ nhỏ, người lớn tuổi, người có công với cách mạng… Chính sách miễn giảm, ưu tiên (nếu có) chỉ dành cho khách lẻ của các điểm tham quan.\\nĐiều kiện nhận khách trong giai đoạn \\\"Bình thường mới\\\"\\n✓ Thẻ xanh covid (khách đã tiêm vaccines ngừa covid đủ liều, thời gian hoàn tất mũi 2 trước 14 ngày và không quá 12 tháng). Khách là FO đã khỏi bệnh trong vòng 06 tháng tính đến thời điểm về địa phương (có giấy ra viện/giấy xác nhận khỏi bệnh của Sở Y Tế).\\n✓ Xét nghiệm covid theo yêu cầu của Tỉnh và Phường nơi khách lưu trú trước khi vào khách sạn (bao gồm cả người lớn và trẻ em dưới 18 tuổi).\\nLưu ý:\\n✓ Đảm bảo nguyên tắc 5K, khử khuẩn.\\n✓ Vận chuyển không quá 50% số ghế, không quá 20 khách/1xe (bao gồm cả tài xế), tuân thủ ngồi giãn cách trên xe và đeo khẩu trang suốt quá trình di chuyển.\\n✓ Trong trường hợp trong đoàn có phát sinh ca nghi nhiễm/nhiễm covid 19, khách hàng (bao gồm cả các trường hợp được xác định là F1) có trách nhiệm phối hợp với Vietravel và chính quyền địa phương để thực hiện các biện pháp cách ly/ điều trị theo quy định.\\n✓ Các chi phí phát sinh trong quá trình cách ly điều trị, bao gồm nhưng không giới hạn các chi phí xét nghiệm, cách ly y tế, vận chuyển, lưu trú, điều trị, chi phí cá nhân khác… sẽ không nằm trong chi phí tour và khách hàng tự chịu trách nhiệm chi trả.'),(87,26,'Ngày 1','2022-08-16','HÀ NỘI – TUYÊN QUANG – HÀ GIANG (Ăn trưa, chiều)','06h30 Xe và hướng dẫn viên đón quý khách tại Vietravel Hanoi - Số 3 Hai Bà Trưng, Hoàn Kiếm, Hà Nội khởi hành đi Hà Giang, trên đường dừng tham quan: \\n- Đền Thác Cái - Được xây dựng từ thế kỷ XV, ngôi đền cổ kính bắt nguồn từ tục thờ Mẫu của nhân dân Lạc Việt có từ xa xưa trong lịch sử. Sau lưng đền là đồi núi, mặt trước hướng về phía sông Lô tạo nên khí thiêng sơn thủy hội tụ, bốn mùa thời tiết trong lành mát mẻ, tĩnh mịch.\\nQuý khách dùng cơm tối và nhận phòng khách sạn nghỉ ngơi.  \\nNgủ đêm tại khách sạn Hà Giang\\n'),(88,26,'Ngày 2','2022-08-17','HÀ GIANG – LŨNG CÚ – ĐỒNG VĂN (Ăn sáng, trưa, tối)','Quý khách trả phòng, ăn sáng. Xe và hướng dẫn viên đưa Quý khách đi thị trấn Đồng Văn tham quan:\\nĐoàn dừng chân nghỉ ngơi tại Cổng trời Quản Bạ - Nơi tiếp giáp giữa trời và đất, ngắm thị trấn Tam Sơn và danh thắng Núi Đôi.\\nĂn trưa tại Yên Minh, sau bữa trưa đoàn thăm quan:\\nPhố Cáo, tìm hiểu nếp nhà còn giữ nguyên truyền thống, chụp ảnh hoa tam giác mạch hoa đào, hoa mơ, hoa mận …bên cạnh những  bờ  rào đá mắt cáo đặc sắc của người dân vùng cao ( nếu vào dịp hoa đào nở), tham quan và chụp ảnh thung lũng Sủng Là ( được gọi là thung lũng hoa hồng) nơi  từng là phim trường của bộ phim Chuyện Của PAO nổi tiếng.\\nLàng văn hóa Lũng Cẩm (thuộc xã Sũng Là), men theo những hàng ngô xanh mướt dọc hai bên đường đoàn vào tham quan làng với những nét văn hoá đặc sắc của 3 dân tộc Lô Lô, Mông và Hán và những cánh đồng hoa rực rỡ sắc màu\\nDinh nhà Vương (Dinh Vua Mèo)– Đây là 1 công trình kiến trúc đẹp hiếm có và rất độc đáo của vùng cao nguyên núi đá. Sau đó đoàn tiếp tục khởi hành đi Lũng Cú. Quý khách có thể dừng chân chụp hình những dãy núi đá chập trùng hùng vỹ hay những cánh đồng hoa tam giác mạch rực rỡ sắc hồng khu vực Lũng Táo.\\nchinh phục cột cờ Lũng Cú – Nơi địa đầu điểm Cực Bắc Tổ Quốc với lá cờ 54m2 tượng trưng cho 54 dân tộc anh em\\nXe đưa đoàn về Đồng Văn, nhận phòng khách sạn, nghỉ ngơi và ăn tối.\\nNgủ đêm tại khách sạn Đồng Văn'),(89,26,'Ngày 3','2022-08-18','ĐỒNG VĂN – MÃ PÍ LÈNG – NHO QUẾ – HÀ GIANG (Ăn sáng, trưa, tối)','Quý khách trả phòng, ăn sáng. Xe đưa Quý khách đi tham quan:\\nBức tranh sơn thủy hùng vĩ của một trong tứ đại đỉnh đèo vùng núi phía Bắc – Mã Pí Lèng nằm dọc theo dòng sông xanh Nho Quế chảy qua khe vực núi Tu Sản. Trên đường dừng chụp hình tại tượng đài Thanh Niên trước bảo tàng Con Đường Hạnh Phúc,  ngắm con đường hạnh phúc và toàn cảnh dòng sông Nho Quế từ trên cao.\\nChi phí Mã Pí Lèng Panorama café, chèo chuyền trên sông Nho Quế ngắm hẻm vực Tu Sản (chi phí tự túc)\\nSau khi ăn trưa, Quý khách khởi hành về Tp Hà Giang nhận phòng khách sạn, nghỉ ngơi.\\nNghỉ đêm tại khách sạn Hà Giang\\n'),(90,26,'Ngày 4','2022-08-19','HÀ GIANG – HÀ NỘI (Ăn sáng, trưa)','Quý khách trả phòng & ăn sáng, khởi hành về Hà Nội, trên đường dừng tham quan: \\n• Cao điểm 468, Vị Xuyên - thuộc thôn Nậm Ngặt xã Thanh Thủy, xuyên qua các con đường dốc chạy quanh vùng núi Đông Bắc cạnh cửa khẩu Thanh Thủy. Nơi đây là vị trí chiến lược quân sự, trở thành trận tuyến nóng bỏng, ác liệt kéo dài duy nhất trên toàn tuyến biên giới phía bắc để bảo vệ bình yên cho lãnh thổ hình chữ S.\\n• Quý khách dừng nghỉ chân tại Trạm Dừng Pao 78 - Hà Giang mua sắm đặc sản miền núi Trà Shan Tuyết, mật ong Bạc Hà, trâu khô gác bếp, nấm Hương, măng khô.  \\nTiếp tục hành trình về lại Hà Nội, Quý khách dừng dùng cơm trưa tại Tuyên Quang. Chương trình du lịch kết thúc tại điểm đón ban đầu.\\n  Lưu ý:\\n  ✓ Đảm bảo nguyên tắc 5K, khử khuẩn.\\n  ✓ Thẻ xanh covid (khách đã tiêm vaccine ngừa covid đủ liều, thời gian hoàn tất mũi 2 trước 14 ngày và không quá 12 tháng), khách là FO đã khỏi bệnh (có giấy chứng nhận của Sở Y Tế và không quá 06 tháng).\\n  ✓ Xét nghiệm covid theo yêu cầu của từng tỉnh vào thời điểm đặt dịch vụ. Vui lòng liên hệ với nhân viên tư vấn để biết thêm chi tiết.\\n  *Ghi chú :\\n- Hành trình có thể thay đổi thứ tự điểm đến tùy vào điều kiện thực tế. \\n- Lịch trình tham quan (tắm biển, ngắm hoa, trải nghiệm,...) rất dễ bị ảnh hưởng bởi thời tiết. Đây là trường hợp bất khả kháng mong Quý khách hiểu và thông cảm.\\n- Trong trường hợp đoàn gom dưới 10 khách thì tour không khởi hành. Công ty sẽ tư vấn cho Qúy khách chuyển tour sang ngày khởi hành lân cận hoặc thông báo chi phí phát sinh để khởi hành được đoàn.\\n- Khách Sạn có thể ở xa trung tâm thành phố vào các mùa Cao Điểm.\\n'),(91,27,'Ngày 1','2022-08-17','HÀ NỘI – QUẢN BẠ - YÊN MINH – ĐỒNG VĂN (Ăn trưa, chiều)','5h00 Xe và Hướng dẫn viên đón Quý khách tại công ty Vietravel (Số 3, Hai Bà Trưng, Hoàn Kiếm, Hà Nội) (Quý khách tự túc ăn sáng). Xe khởi hành đi Hà Giang - vùng đất có chè san, rượu mật ong và thắng cố, xứ sở của đào phai, hoa lê, truyền thống và náo nhiệt trong buổi chợ phiên… Trên đường, Quý khách có thể tranh thủ ngắm cảnh rừng núi Đông bắc vô cùng hùng vĩ và hoang sơ. Và dọc đường đi, xe sẽ dừng nghỉ, Quý khách có thể xuống sẽ thư giãn và chụp hình lưu niệm. Quý khách dừng chân tại thành phố Hà Giang để dùng bữa trưa tại nhà hàng Cơm dân tộc thưởng thức các món ăn đặc sản địa phương như cá suối, xôi gạo, nếp nương ngũ sắc.\\nSau đó, Quý khách sẽ đi qua rừng thông bạt ngàn đẹp nhất Việt Nam trải dài trên các sườn núi cao để đến với đến thị trấn Yên Minh. Quý khách di chuyển đến địa phận Huyện Đồng Văn chiêm ngưỡng vẻ đẹp \\nCao Nguyên Đá được UNESCO ghi nhận là công viên địa chất Toàn Cầu vào năm 2010. Quý khách có thể dừng chân thăm quan ở Phố Cáo, Sủng Là, vào làng văn hóa Lũng Cẩm nơi lấy bối cảnh những thước phim nổi tiếng “Chuyện của Pao” - vào mùa đông, mùa xuân nở rộ những đồng hoa cải vàng hoặc hoa đào tết, quá thích hợp cho những thước hình lãng mạn mà đậm nét văn hóa.\\nChụp hình giữa vườn hoa mùa xuân bát ngát và thơ mộng \\nSau đó đoàn lên xe tiếp tục di chuyển về Phố Cổ Đồng Văn. Quý nhận phòng khách sạn ăn tối tự do khám phá phố cổ Đồng Văn về đêm.\\nNgủ đêm tại Đồng Văn\\n '),(92,27,'Ngày 2','2022-08-18','ĐỒNG VĂN – NHÀ VUA MÈO – CỘT CỜ LŨNG CÚ – HÀ GIANG (Ăn sáng, trưa, chiều)','Quý khách thức dậy ăn sáng và làm thủ tục trả phòng.\\nXe và hướng dẫn viên đưa Quý khách cũng sẽ ghé thăm dinh thự vua Mèo Vương Chí Sình với kiến trúc độc đáo và những câu chuyện đặc sắc. Đoàn Tham quan: \\nLũng Cú - Nơi địa đầu Tổ Quốc, hay còn được miêu tả là: “Nơi cúi mặt sát đất, ngẩng mặt đụng trời”. Quý khách thăm quan Cột cờ Tổ Quốc và chụp hình lưu niệm. Từ cột cờ Lũng Cú, Quý khách có thể ngắm phong cảnh ruộng bậc thang đẹp mắt xen kẽ những nhà trình tường của dân tộc Lô Lô trong bản Séo Lủng bên dưới.\\nSau đó, Quý khách ăn trưa tại nhà hàng tại Đồng Văn. Đi theo hướng Mèo Vạc dọc theo dòng sông Nho Quế, Quý khách sẽ được tham quan:\\nBức tranh sơn thủy hùng vĩ của một trong tứ đại đỉnh đèo vùng núi phía Bắc – Mã Pí Lèng nằm dọc theo dòng sông xanh Nho Quế chảy qua khe vực núi Pu Sản. Trên đường dừng chụp hình tại tượng đài Thanh Niên trước bảo tàng Con Đường Hạnh Phúc,  ngắm con đường hạnh phúc và toàn cảnh dòng sông Nho Quế từ trên cao.\\nChi phí Mã Pí Lèng Panorama café, chèo chuyền trên sông Nho Quế ngắm hẻm vực Tu Sản (chi phí tự túc)\\nQuý khách lên đường đi Quản Bạ, du khách đến đây đều có dịp chiêm ngưỡng Núi Đôi Cô Tiên - “tác phẩm nghệ thuật” của tạo hoá ban tặng cho vùng đất này , ngoài ra Quý khách còn có dịp nghe kể về truyền thuyết của ngọn núi này, vô vùng hấp dẫn và thú vị.\\nĐoàn lên xe trở về thành phồ Hà Giang dùng bữa tối tại nhà hàng. Nhận phòng khách sạn tự do khám phá thành phố Hà Giang về đêm, có thể thưởng thức đặc sản cháo Ấu Tẩu tại một số nhà hàng bên bờ Sông Lô.\\nNgủ đêm tại Hà Giang.'),(93,27,'Ngày 3','2022-08-19','HÀ GIANG – TUYÊN QUANG – HÀ NỘI (Ăn sáng, trưa)','Quý khách dùng bữa sáng, sau đó di chuyển thăm quan:\\nThôn Hạ Thành cách trung tâm thành phố khoảng 6km. Đây là thôn của người dân tộc Tày, Quý khách chiêm ngưỡng vẻ đẹp kiến trúc của những ngôi nhà Sàn rất độc đáo tìm hiểu đời sống văn hóa của bản Tày. Sau đó đoàn lên xe di chuyển về thành phố Tuyên Quang dùng bữa trưa tại nhà hàng.\\nQuý khách dừng nghỉ chân tại Trạm Dừng Pao 78 - Hà Giang mua sắm đặc sản miền núi Trà Shan Tuyết, mật ong Bạc Hà, trâu khô gác bếp, nấm Hương, măng khô. \\nXe và Hướng dẫn viên đưa Quý khách trở về Hà Nội.\\nĐoàn về tới điểm đón ban đầu, chia tay Quý khách, kết thúc chương trình.\\n(*) Thứ tự các điểm thăm quan có thể thay đổi theo tình hình thực tế tại thời điểm xuất phát nhưng vẫn đảm bảo đầy đủ các quyền lợi và các điểm thăm quan theo chương trình\\nLưu ý:\\n  ✓ Đảm bảo nguyên tắc 5K, khử khuẩn.\\n  ✓ Vận chuyển không quá 50% số ghế, không quá 20 khách/1 xe (bao gồm cả tài xế), tuân thủ ngồi giãn cách trên xe và đeo khẩu trang suốt quá trình di chuyển.\\n  ✓ Thẻ xanh covid (khách đã tiêm vaccine ngừa covid đủ liều, thời gian hoàn tất mũi 2 trước 14 ngày và không quá 12 tháng), khách là FO đã khỏi bệnh (có giấy chứng nhận của Sở Y Tế và không quá 06 tháng).\\n  ✓ Xét nghiệm covid theo yêu cầu của từng tỉnh vào thời điểm đặt dịch vụ. Vui lòng liên hệ với nhân viên tư vấn để biết thêm chi tiết.\\n  *Ghi chú:\\n-   Hành trình có thể thay đổi thứ tự điểm đến tùy vào điều kiện thực tế. \\n- Lịch trình tham quan (tắm biển, ngắm hoa, trải nghiệm,...) rất dễ bị ảnh hưởng bởi thời tiết. Đây là trường hợp bất khả kháng mong Quý khách hiểu và thông cảm.\\n-   Trong trường hợp đoàn gom dưới 10 khách thì tour không khởi hành. Công ty sẽ tư vấn cho Qúy khách chuyển tour sang ngày khởi hành lân cận hoặc thông báo chi phí phát sinh để khởi hành được đoàn.\\n-    Khách Sạn có thể ở xa trung tâm thành phố vào các mùa Cao Điểm.\\n '),(94,28,'Ngày 1','2022-08-17','HÀ NỘI – KHU DI TÍCH PẮC BÓ (Ăn trưa, chiều)','5h00 Xe & hướng dẫn viên đón Quý khách tại Số 3 Hai Bà Trưng, Hà Nội khởi hành đi Cao Bằng.\\nQuý khách dừng chân ăn trưa tại nhà hàng. Chiều đoàn đi tham quan:\\nKhu di tích Pắc Bó - nơi chủ tịch Hồ Chí Minh từng sống và làm việc với khung cảnh nên thơ, hữu tình. Dòng suối trong xanh, thơ mộng trước cửa hang được Bác đặt tên là Suối Lê Nin, ngọn núi hùng vĩ cạnh bên là Núi Các Mác.\\nQuý khách làm thủ tục nhận phòng, nghỉ ngơi, ăn tối.\\nQuý khách chiêm ngưỡng vẻ đẹp huyền ảo về đêm của sắc màu ánh sáng với 7 màu của 7 sắc cầu vồng dc chiếu trên Thác Bản Giốc về đêm.\\nNgủ đêm tại Sài Gòn Bản Giốc.'),(95,28,'Ngày 2','2022-08-18','THÁC BẢN GIỐC – ĐỘNG NGƯỜM NGAO (Ăn sáng, trưa, chiều)','Quý khách thức dậy ăn sáng và làm thủ tục trả phòng. Đoàn đi tham quan:\\nThác Bản Giốc - Một trong những thác đẹp nhất Việt Nam nằm giữa biên giới Việt – Trung\\nĂn trưa tại nhà hàng địa phương. Chiều đoàn thăm quan:\\nĐộng Ngườm Ngao - một động lớn được hình thành từ sự phong hoá lâu đời của đá vôi; bước vào động, du khách như bước vào một thế giới kỳ ảo, choáng ngợp trước những dải thạch nhũ muôn màu, những tượng đá quyến rũ với nhiều kiểu dáng khác nhau mang dáng dấp hình người, cây rừng, súc vật..., các nhũ đá thả từ trên xuống hay mọc từ dưới đất lên vô cùng sống động.\\nĐoàn về ăn tối tại nhà hàng địa phương.\\nNgủ đêm tại Ba Bể.'),(96,28,'Ngày 3','2022-08-19','VƯỜN QUỐC GIA BA BỂ (Ăn sáng, trưa)','Quý khách ăn sáng tại khách sạn. Quý khách ra bến thuyền. Đoàn lên thuyền tham quan:\\nHồ Ba Bể – Khám phá bức tranh sơn thủy hữu tình vô cùng sống động, mặt nước hồ trong xanh như gương làm quyến rũ biết bao du kháchlàm quyến rũ biết bao du khách, thiên nhiên và con người như hòa quyện vào nhau.\\nĐộng Puông: có chiều dài 300 m, cao hơn 30 m. Sự kỳ vĩ của hang động với những nhũ đá đủ muôn hình vạn trạng tuyệt đẹp. Trong động còn có đàn dơi hàng chục vạn con sinh sống và trú ngụ.\\nThác Đầu Đẳng – được tạo bởi dòng sông Năng bị hàng trăm tảng đá lớn chặn lại khiến phải chia tách thành nhiều dòng nhỏ, nước chảy xiết tạo thành thác Đầu Đẳng hùng vĩ. Thác dài hơn 1.000 m với ba bậc đá, mỗi bậc chênh nhau khoảng 3 đến 4 m theo chiều dài, tạo thêm nét hoang sơ và lãng mạn cho Ba Bể\\nAo Tiên - nằm cách hồ Ba Bể 100 m nhưng quanh năm đầy ắp nước. Mặt ao phẳng lặng, tương truyền trước đây đã có các nàng tiên hạ xuống phàm trần tắm trong ao nước xanh biếc mây trời này.\\nĐoàn ăn trưa tại nhà hàng. Sau đó, Xe đưa Quý khách trở về Hà Nội. Chia tay Quý khách - Kết thúc chương trình.\\n(*) Thứ tự các điểm thăm quan có thể thay đổi theo tình hình thực tế tại thời điểm xuất phát nhưng vẫn đảm bảo đầy đủ các quyền lợi và các điểm thăm quan theo chương trình\\nLưu ý:\\n✓ Đảm bảo nguyên tắc 5K, khử khuẩn.\\n  ✓ Vận chuyển không quá 50% số ghế, không quá 20 khách/1 xe (bao gồm cả tài xế), tuân thủ ngồi giãn cách trên xe và đeo khẩu trang suốt quá trình di chuyển.\\n  ✓ Thẻ xanh covid (khách đã tiêm vaccine ngừa covid đủ liều, thời gian hoàn tất mũi 2 trước 14 ngày và không quá 12 tháng), khách là FO đã khỏi bệnh (có giấy chứng nhận của Sở Y Tế và không quá 06 tháng).\\n  ✓ Xét nghiệm covid theo yêu cầu của từng tỉnh vào thời điểm đặt dịch vụ. Vui lòng liên hệ với nhân viên tư vấn để biết thêm chi tiết.'),(97,29,'Ngày 1','2022-08-16','TP. RẠCH GIÁ – TP. ĐÀ LẠT (Nghỉ đêm trên xe)','19h30 tối:  Xe + HDV Vietravel đón Quý khách tại điểm hẹn trong TP. Rạch Giá. Đoàn khởi hành đi Đà Lạt.\\nQuý khách nghỉ đêm trên xe.\\n '),(98,29,'Ngày 2','2022-08-17','ĐÀ LẠT - KIM NGÂN HILLS – QUE GARDEN – GA ĐÀ LẠT (Ăn sáng, trưa, tối)','Đà Lạt chào đón du khách với du khách với không khí lạnh tràn về, sau khi dùng bữa sáng, xe đưa đoàn tham quan:\\nKim Ngân Hills: nổi bật với vườn thú kết hợp với không gian cà phê view rừng thông ấn tượng, xen kẻ là vườn hoa Xác Pháo, Thạch Thảo, Cẩm Tú Cầu để du khách thỏa thích check-in. Vườn thú Kim Ngân Hills đang nuôi giữ và bảo tồn nhiều loài động vật độc lạ như lạc đà Alpaca, hươu sao, ngựa Ponny, cừu Valis, chó Corgi...\\nNgoài ra, nơi đây còn sở hữu khu vực nuôi chim lớn nhất tỉnh Lâm Đồng với nhiều loài chim như yến phụng, sáo, cu đất, két.... Tiếp tục, du khách khám phá khu “Ký ức thời bao cấp” gợi cảm xúc hoài niệm về một thời quá khứ.\\nQuê Garden: nằm dưới chân đèo Mimosa, khu vườn mê mẩn người xem với cánh đồng hoa rộng lớn cùng nhiều loài hoa nổi tiếng tại Đà Lạt khoe sắc. Đặc biệt Quê Garden tự hào là khu vườn bonsai lá kim lớn nhất Việt Nam, những chậu cây bonsai vừa to vừa đẹp, được chăm sóc và uốn nắn kỹ lưỡng vô cùng đẹp mắt. Ngoài ra, hồ cá koi với view nhìn ra đồi thông là điểm check in cực chất mà du khách không thể bỏ qua.\\nNhà Ga Đà Lạt: đây là một công trình kiến trúc vừa duyên dáng vừa độc đáo, là sự kết hợp với kiến trúc phương tây kết hợp với kiểu kiến trúc nhà rông Tây Nguyên.\\nSau chuyến tham quan, đoàn nhận phòng nghỉ ngơi. Buổi tối, Quý khách tự do thưởng thức café ngắm hồ Xuân Hương về đêm.\\nNghỉ đêm tại Đà Lạt.'),(99,29,'Ngày 3','2022-08-18','ĐÀ LẠT - PHÂN VIỆN SINH HỌC - CÁNH ĐỒNG HOA CẨM TÚ CẦU - PUPPY FARM – QUẢNG TRƯỜNG LÂM VIÊN (Ăn sáng, trưa, tối)','Sau khi dùng bữa sáng tại khách sạn, xe đưa đoàn tham quan:\\nPhân Viện Sinh Học: được biết đến như 1 tọa độ sống ảo mới tại Đà Lạt với góc ảnh bên những bức tường cổ kính. Không chỉ vậy, đến đây, du khách còn được tìm hiểu về môi trường sống, những nguồn gen quý qua hiện vật vô cùng phong phú, khu trưng bày xương, sừng, mô hình của các loài động vật quý hiếm như khủng long, voi, hổ, gấu, vượn, … hay tìm hiểu về sự vận hành của vũ trụ.\\nGallery Chocolate: với nhiều không gian trưng bày được thiết kế bởi màu sắc, tạo hình và hương vị đặc biệt từ nguồn nguyên liệu của Chocotea. Ấn tượng nhất là không gian nghệ thuật với 9 tác phẩm được tạo tác công phu từ chocolate như: “Bàn tiệc hoàng gia”, Cây Mai Anh Đào hay tác phẩm “Suối Hoa” tuyệt mỹ, … Du khách dùng thử chocolate để cảm nhận hương vị khác biệt từ hương đến sắc.\\nCánh đồng hoa cẩm tú cầu: ghi điểm trong mắt du khách nhờ vào khung cảnh thơ mộng xung quanh. Xa xa là rừng thông thơ mộng, còn ở dưới chân cầu vàng là cả cánh đồng rộng lớn được phủ kín bởi sắc trắng phớt xanh của hoa cẩm tú cầu, nổi bần bật trên nền xanh thẫm của lá.\\nĐoàn dùng bữa trưa tại nhà hàng. Buổi chiều, đoàn tiếp tục khám phá:\\nNông Trại Cún Puppy Farm: đến đây, du khách thỏa thích tạo dáng cùng những chú cún siêu dễ thương hay chọn cho mình những góc chụp đẹp bên các loài hoa với đủ màu sắc rực rỡ, vườn bí ngô, dâu tây, cà chua bi,… tựa như là một Đà Lạt thu nhỏ, vô cùng thơ mộng và lãng mạn.\\nQuảng trường Lâm Viên Đà Lạt: công trình có view tuyệt đẹp hướng thẳng ra hồ Xuân Hương với một nụ hoa Atiso cao 15 m và đóa hoa dã quỳ 18 m đang thu hút nhiều bạn trẻ đến khám phá, check –in và chụp hình.\\nBuổi tối Quý khách tự do tản bộ thưởng thức sữa đậu nành và bánh tráng nướng tại khu phố Tăng Bạt Hổ. Nghỉ đêm tại Đà Lạt'),(100,29,'Ngày 4','2022-08-19','TP. ĐÀ LẠT – TP. RẠCH GIÁ (Ăn sáng, trưa, tối)','Sau bữa sáng, Quý khách làm thủ tục trả phòng và khởi hành về lại Rạch Giá. Trên đường về đoàn dừng chân tham quan:\\nMê Linh Coffee: được thiết kế với không gian mở có một tầm nhìn trọn vẹn 360 độ hướng rẫy cà phê bạt ngàn... Đặc biệt, thưởng thức một ly cà phê chồn nguyên chất với hương vị đậm đà đặc trưng của chất xạ hương (chi phí tự túc). Ngoài ra, Quý khách có thể check in những phiên bản thu nhỏ nhưng không kém phần sống động của những công trình nổi tiếng như cổng trời Bali, cổng trời Linh Quy Pháp Ấn, nấc thang lên thiên đường, tổ chim...\\nĐoàn dừng tại Bảo Lộc dùng cơm trưa, sau đó khởi hành về TP. Rạch Giá. Về điểm đón ban đầu, Hướng dẫn viên chia tay đoàn và kết thúc chương trình du lịch.\\n '),(101,30,'Ngày 1','2022-08-16','LONG XUYÊN – BẢO LỘC – ĐÀ LẠT (Ăn ba bữa)','Đêm trước ngày 01: Quý khách tập trung tại Vietravel Long Xuyên (99 – 101 Nguyễn Huệ, Mỹ Long, Long Xuyên), khởi hành đi Đà Lạt.\\n  Đến Bảo Lộc, quý khách tham quan Thác Dambri một trong những thác nước đẹp và cao nhất tại cao nguyên Bảo Lộc (Bao gồm vé cổng và vé thang máy xuống thác).\\nĂn trưa tại Khu du lịch. Tiếp tục hành trình đến Đà Lạt tham quan:\\n- Nhà thờ Domain De Marie: nhà thờ “màu hồng” siêu xinh xắn nằm trên ngọn đồi Mai Anh, du khách thưởng ngoạn vẻ đẹp đầy hấp dẫn của thành phố sương mù từ trên cao. Ngoài ra, bạn có thể chọn mua những mẫu áo, mũ, khăn choàng… được làm từ len về làm quà cho người thân.\\nBuổi tối, Quý khách tự do tham quan Hồ Xuân Hương, thưởng thức cà phê trong không khí se lạnh của phố núi Đà Lạt. \\nNghỉ đêm tại Đà Lạt. '),(102,30,'Ngày 2','2022-08-17','ĐÀ LẠT - KHU DU LỊCH KIM NGÂN HILLS - ĐƯỜNG HẦM ĐẤT SÉT (Ăn 3 bữa)','Sau khi ăn sáng, đoàn khởi hành tham quan:\\n- Khu Du Lịch Kim Ngân Hills: nổi bật với vườn thú kết hợp với không gian cà phê view rừng thông ấn tượng, xen kẻ là vườn hoa Xác Pháo, Thạch Thảo, Cẩm Tú Cầu để du khách thỏa thích check-in. Vườn thú Kim Ngân Hills đang nuôi giữ và bảo tồn nhiều loài động vật độc lạ như lạc đà Alpaca, hưu sao, ngựa Ponny, cừu Valis, chó Corgi... Ngoài ra, nơi đây còn sở hữu khu vực nuôi chim lớn nhất tỉnh Lâm Đồng với nhiều loài chim như yến phụng, sáo, cu đất, két.... \\n- Tiếp tục du khách khám phá cung đường ẩm thực “Ký ức thời bao cấp” tái hiện sinh động nhịp sống sinh hoạt của người dân với nhiều món ăn đậm chất đồng quê gợi cảm xúc hoài niệm về thời “bao cấp”.\\nBuổi chiều, đoàn tham quan:\\n- Fairytale Land & Hầm Rượu Vang Vĩnh Tiến: đến đây du khách như lạc vào khu vườn cổ tích của những chú lùn Hobbiton, điểm xuyến trong khu vườn là những ngôi nhà độc đáo và đầy sắc màu, những bức vẽ trên tường đầy lôi cuốn và những thảm hoa nhỏ không kém phần quyến rũ. Dạo một vòng quanh khu vườn đừng quên rảo bước vào hầm rượu vang với hơn 10.000 chai đang được lưu trữ dưới hầm.\\n- Đường Hầm Đất Sét: các công trình nghệ thuật với những tác phẩm điêu khắc bằng đất nung hoành tráng, ấn tượng được sách Kỷ Lục Việt Nam công nhận như: Ga xe lửa, dinh Bảo Đại, Đại học Đà Lạt, nhà thờ Con Gà, sân bay Liên Khương, đường cao tốc, hồ Tuyền Lâm, thung lũng Tình yêu…). Nổi tiếng là “hồ vô cực” thu hút nhiều du khách đến tham quan hiện nay.\\nĂn tối, Quý khách tự do mua sắm tại chợ đêm. Nghỉ đêm tại Đà Lạt.'),(103,30,'Ngày 3','2022-08-18','ĐÀ LẠT – LONG XUYÊN (Ăn ba bữa)','Buổi sáng, trả phòng khách sạn và ăn sáng. Xe đưa Quý khách tham quan:\\n-     Khu du lịch Chuồn Chuồn: điểm đến mới tại xã Mê Linh, đến đây du khách thỏa thích tạo dáng tại hồ cô cực, hồ chuồn chuồn, thác vọng cảnh và nhiều tiểu cảnh lớn nhỏ khác. Chiêm ngưỡng hàng trăm loài hoa đặc sắc của Đà Lạt. Thưởng thức cà phê chất lượng cao hay những thức uống thơm ngon đa dạng (chi phí nước uống tự túc).\\nSau đó, khởi hành về Long Xuyên. Về đến Long Xuyên, xe đưa Quý khách về điểm đón ban đầu. Chia tay Quý khách và kết thúc chương trình du lịch.\\n  Lưu ý:\\n  ✓ Đảm bảo nguyên tắc 5K, khử khuẩn.\\n✓ Vận chuyển không quá 50% số ghế, không quá 20 khách/1 xe (bao gồm cả tài xế), tuân thủ ngồi giãn cách trên xe và đeo khẩu trang suốt quá trình di chuyển.\\n✓ Thẻ xanh covid (khách đã tiêm vaccine ngừa covid đủ liều, thời gian hoàn tất mũi 2 trước 14 ngày và không quá 12 tháng), khách là FO đã khỏi bệnh (có giấy chứng nhận của Sở Y Tế và không quá 06 tháng).\\n✓ Xét nghiệm covid theo yêu cầu của từng tỉnh vào thời điểm đặt dịch vụ. Vui lòng liên hệ với nhân viên tư vấn để biết thêm chi tiết.'),(104,31,'Ngày 1','2022-08-17','HÀ NỘI – LÀO CAI – Ô QUY HỒ (Ăn trưa, tối)','05h00  Xe và hướng dẫn viên đón đoàn tại Vietravel số 03 Hai Bà Trưng, Hoàn Kiếm, khởi hành đi Sapa.\\nTrên đường đi quý khách tham quan:\\n• Đền ông Hoàng Bảy - Đền Ông Hoàng Bảy hay còn gọi là đền Bảo Hà là ngôi đền linh thiêng gắn với truyền thuyết về Ông Hoàng Bảy. Nơi đây đang dần trở thành một địa điểm du lịch tâm linh nổi tiếng nằm trên con đường đến với Sa Pa, Lào Cai. Nơi đây được rất nhiều người biết đến bởi sự linh thiêng kỳ lạ\\nQuý khách ăn trưa, tiếp tục di chuyển đến Sapa, quý khách tham quan:\\n• Đỉnh đèo Ô Quy Hồ: một trong “Tứ đại đỉnh đèo” phía Bắc (không bao gồm vé tham quan Thác Bạc, Cầu Kính rồng mây, Cổng Trời...) \\n• Núi Hàm Rồng: ngắm cảnh và chụp ảnh thị trấn Sapa trong sương, thăm vườn Lan 1-2 khoe sắc, vườn Lê, vườn Táo Mèo, Vườn hoa Trung Tâm, Hòn Đá Gãy, Cổng Trời, Đầu Rồng, Hòn Cá Sấu, Khu Thiên Thách Lâm, Hòn Phật Bà, Sân Mây, Tháp truyền hình... \\nĂn tối tại nhà hàng. Sau đó, quý khách tự do thăm quan:\\n• Nhà Thờ Đá Sapa - dấu ấn kiến trúc của người Pháp còn lại vẹn toàn nhất tại Sa Pa, tự do thưởng thức đặc sản vùng cao như: thịt lợn cấp nách nướng, trứng nướng, rượu táo mèo, giao lưu với người dân tộc Mông, Dao…\\nNghỉ đêm tại Sa Pa.\\n '),(105,31,'Ngày 2','2022-08-18','SAPA –FANSIPAN HÙNG VĨ – BẢN CÁT CÁT (Ăn sáng)','Sáng: đoàn ăn sáng tại khách sạn. Sau đó:\\n• 07:00 Đoàn đến tham quan khu du lịch Fansipan Legend – tại đây quý khách có cơ hội trải nghiệm Tàu hỏa leo núi Mường Hoa (chi phí tự túc) hiện đại nhất Việt Nam với tổng chiều dài gần 2000m, thưởng ngoạn bức tranh phong cảnh đầy màu sắc của cánh rừng nguyên sinh, thung lũng Mường Hoa. Chinh phục đỉnh núi Fansipan với độ cao 3.143m hùng vĩ bằng cáp treo (chi phí cáp treo tự túc). \\n• Lễ Phật tại chùa Trình hay cầu phúc lộc, bình an cho gia đình tại Bích Vân Thiền Tự trong hệ thống cảnh quan tâm linh trên đỉnh Fansipan. \\nĐoàn ăn trưa tại nhà hàng, chiều tham quan :\\n• Bản Cát Cát - đường vào bản quanh co một bên là thung lũng Mường Hoa với những thửa ruộng bậc thang màu mỡ được tổ điểm bởi màu xanh của ngô và lúa, thăm những nếp nhà của người Mông, Dao, Giáy, Quý khách sẽ không khỏi ngỡ ngàng trước vẻ đẹp bình dị, mộc mạc.  \\nĂn tối tại nhà hàng. Tự do tham quan Sapa về đêm, Quý khách có thể thưởng thức khoai nướng, trứng nướng – mang đậm tính đặc sắc vùng miền.\\nNghỉ đêm tại Sa Pa.\\n '),(106,31,'Ngày 3','2022-08-19','SECRET GARDEN - HÀ NỘI (Ăn sáng, trưa)','Sáng, quý khách ăn sáng, trả phòng khách sạn sau đó tham quan : \\n• Secret Garden - điểm sống ảo mới toanh giữa lòng phố núi Sapa đang làm mưa làm gió với ‘giường trên không’ và ‘nhà bong bóng’. Hãy nghĩ đến cảnh bạn sẽ được nằm ườn trên chăn bông bồng bềnh, view ‘khách sạn ngàn sao’, có thể nằm ngắm trời ngắm mây, nhìn thẳng ra những dãy núi mờ ảo trong mây. Bể bơi vô cực, xích đu vô cực hay tổ chim cũng là điểm cực ‘chất’ ở Secret Garden . Và chưa hết! Nếu bạn muốn chụp một bộ ảnh với những concept như là vườn địa đàng hay kỳ nghỉ ở Địa Trung Hải, hãy đến ngay sân café ở đây, khoảng sân này được thiết kế cực kỳ tỉ mỉ, khiến bạn sẽ cực kỳ lúng túng không biết nên chụp góc nào đẹp nhất bởi góc nào cũng đều đẹp.\\nTrưa: đoàn ăn trưa tại nhà hàng. \\nSau đó, Quý khách lên xe trở về Hà Nội. \\nVề đến Hà Nội, chia tay Quý khách. Kết thúc chương trình.\\n  Lưu ý:\\n  ✓ Đảm bảo nguyên tắc 5K, khử khuẩn.\\n  ✓ Thẻ xanh covid (khách đã tiêm vaccine ngừa covid đủ liều, thời gian hoàn tất mũi 2 trước 14 ngày và không quá 12 tháng), khách là FO đã khỏi bệnh (có giấy chứng nhận của Sở Y Tế và không quá 06 tháng).\\n  ✓ Xét nghiệm covid theo yêu cầu của từng tỉnh vào thời điểm đặt dịch vụ. Vui lòng liên hệ với nhân viên tư vấn để biết thêm chi tiết.'),(107,32,'Ngày 1','2022-08-17','HUẾ – ĐÀ LẠT – QUẢNG TRƯỜNG LÂM VIÊN – BUFFET RAU (Ăn trưa, tối)','11h30: Xe và HDV của Vietravel đón quý khách tại 03 Hùng Vương, Tp Huế khởi hành đi sân bay Phú Bài đáp chuyến bay VN1971 (13:35 – 16:50) đi Đà Lạt. Đến nơi, Vietravel đưa đoàn đi  tham quan tại:\\n- Mê Linh Coffee: được thiết kế với không gian mở có một tầm nhìn trọn vẹn 360 độ hướng rẫy cà phê bạt ngàn... Đặc biệt, thưởng thức một ly cà phê chồn nguyên chất với hương vị đậm đà đặc trưng của chất xạ hương (chi phí tự túc). Ngoài ra, Quý khách có thể check in những phiên bản thu nhỏ nhưng không kém phần sống động của những công trình nổi tiếng như cổng trời Bali, cổng trời Linh Quy Pháp Ấn, nấc thang lên thiên đường, tổ chim...\\n- Quảng trường Lâm Viên - Quý khách có thể chụp ảnh cùng với coffee mô hình hoa Atiso và hoa dã quỳ khổng lồ, ngắm hồ Xuân Hương thơ mộng giữa lòng thành phố Đà Lạt. Quý khách ăn tối với đặc sản Buffet rau ở Đà Lạt. Nhận phòng khách sạn nghỉ ngơi. Đoàn tự do khám phá thành phố về đêm. Nghỉ đêm tại Đà Lạt.\\n '),(108,32,'Ngày 2','2022-08-18','ĐÀ LẠT - THÀNH PHỐ NGÀN HOA (Ăn ba bữa)','Ăn sáng tại khách sạn, Qúy khách tham quan” \\n- Cánh Đồng Hoa Cẩm Tú Cầu - rộng hơn 2 hecta đang làm điểm check-in nổi tiếng tại Đà Lạt. \\n- Chùa Linh Phước: hay còn được gọi là chùa Rồng, chùa Ve Chai, ngôi chùa nổi tiếng bậc nhất xứ sở ngàn hoa và đang giữ riêng cho mình tới 11 kỷ lục gia. \\n- Khu Du Lịch Kim Ngân Hills: nổi bật với vườn thú kết hợp với không gian cà phê view rừng thông ấn tượng, xen kẻ là vườn hoa Xác Pháo, Thạch Thảo, Cẩm Tú Cầu để du khách thỏa thích check-in. Vườn thú Kim Ngân Hills đang nuôi giữ và bảo tồn nhiều loài động vật độc lạ như lạc đà Alpaca, hưu sao, ngựa Ponny, cừu Valis, chó Corgi... Ngoài ra, nơi đây còn sở hữu khu vực nuôi chim lớn nhất tỉnh Lâm Đồng với nhiều loài chim như yến phụng, sáo, cu đất, két.... \\nDu khách tiếp tục khám phá và ăn trưa tại cung đường ẩm thực “Ký ức thời bao cấp” tái hiện sinh động nhịp sống sinh hoạt của người dân với nhiều món ăn đậm chất đồng quê gợi cảm xúc hoài niệm về thời “ bao cấp”. \\nBuổi chiều, xe đưa đoàn tham quan Nông trại cún Puppy Farm là một trong những địa điểm du lịch hoàn toàn mới tại Đà Lạt. Đã trở thành một trong những địa điểm tham quan, du lịch hấp dẫn nhất tại Đà Lạt.. tham quan vườn dâu, có thể mua về làm quà cho người thân và gia đình. \\n- Fairytale Land & hầm rượu vang Vĩnh Tiến: đến đây du khách như lạc vào khu vườn cổ tích của những chú lùn Hobbiton, điểm xuyến trong khu vườn là những ngôi nhà độc đáo và đầy sắc màu, những bức vẽ trên tường đầy lôi cuốn và những thảm hoa nhỏ không kém phần quyến rũ. Dạo một vòng quanh khu vườn đừng quên rảo bước vào hầm rượu vang với hơn 10.000 chai đang được lưu trữ dưới hầm.\\nĂn tối tại nhà hàng, đoàn tự do tham quan thành phố về đêm. '),(109,32,'Ngày 3','2022-08-19','ĐÀ LẠT - HUẾ (Ăn sáng)','Ăn sáng tại khách sạn. Trả phòng. Đoàn đi tham quan:\\n- QUE Garden: khu du lịch nằm dưới chân đèo Mimosa, khu vườn mê mẩn người xem với cánh đồng hoa rộng lớn cùng nhiều loài hoa nổi tiếng khoe sắc. Đặc biệt Que Garden tự hào là một trong những khu vườn bonsai lá kim lớn nhất Việt Nam. Ngoài ra, hồ cá koi có hướng nhìn ra đồi thông là điểm đến cực chất mà du khách không thể bỏ qua.\\nĂn trưa tại nhà hàng và khởi hành ra sân bay Liên Khương đáp chuyến bay VN1970 (13:40 - 14:55) về Huế. Đến Phú Bài, xe đón và đưa đoàn về điểm hẹn ban đầu. Chia tay đoàn, kết thúc chương trình tham quan & hẹn gặp lại Quý khách./.\\n\\nLưu ý: \\nGiá áp dụng cho thời điểm hiện tại, giá có thể thay đổi tùy vào sự biến động của giá dịch vụ, xăng dầu.\\nChương trình và điểm tham quan có thể thay đổi thứ tự điểm tham quan cho hợp lý nhưng sẽ đảm bảo cung cấp đầy đủ các điểm.\\nĐiều kiện nhận khách trong giai đoạn “Bình thường mới”\\nThẻ xanh covid (khách đã tiêm vaccines ngừa covid đủ liều, thời gian hoàn tất mũi 2 trước 14 ngày và không quá 12 tháng) hoặc Quý khách có giấy xác nhận đã khỏi bệnh trong vòng 6 tháng.\\nXét nghiệm covid theo yêu cầu của Tỉnh và Phường nơi khách lưu trú (nếu có) trước khi vào khách sạn (bao gồm cả người lớn và trẻ em dưới 18 tuổi). Chi phí xét nghiệm covid theo yêu cầu của từng địa phương quý khách tự thanh toán và không bao gồm trong giá tour.\\nĐảm bảo nguyên tắc 5K, khử khuẩn. Tuân thủ ngồi giãn cách trên xe và đeo khẩu trang suốt quá trình di chuyển.\\nNgày khởi hành tour có thể thay đổi theo tình hình kiểm soát dịch của từng địa phương nhằm đảm bảo an toàn cho du khách.\\n '),(110,33,'Ngày 1','2022-08-18','RẠCH GIÁ - CHÂU ĐỐC - TỊNH BIÊN (Ăn ba bữa)','03h30 sáng: xe và Hướng dẫn viên đón Quý khách tại Vietravel (60 Lạc Hồng, P.Vĩnh Lạc, TP.Rạch Giá, Kiên Giang) khởi hành đi Châu Đốc. Đoàn dùng điểm tâm sáng tại nhà hàng địa phương, sau đó tham quan:\\n- Miếu Bà Chúa Xứ Núi Sam: một di tích (lịch sử, kiến trúc và tâm linh) quan trọng của tỉnh và của khu vực. Việc thờ cúng Bà Chúa Xứ được xem là trong tín ngưỡng thờ Mẫu Việt Nam. Lễ hội Vía Bà Chúa Xứ Núi Sam được tổ chức trang trọng từ ngày 23 đến 27 tháng 4 âm lịch hàng năm.\\n- Lăng Thoại Ngọc Hầu: người có công khai mở đất An Giang, đây là một danh thắng, một công trình kiến trúc cổ tiêu biểu dưới thời phong kiến.\\n- Rừng Tràm Trà Sư - điểm du lịch “cực hot” mà du khách không thể bỏ qua khi đến với miền Tây. Đến đây, du khách sẽ được lạc vào thế giới thiên nhiên hoang dã đầy sắc màu của rừng tràm ngập nước miền Tây với nhiều loại động thực vật quý hiếm. Các bạn còn được tha hồ chụp ảnh check-in cực đẹp với nhiều góc sống ảo cực chất ở trong rừng. Bên cạnh đó, bạn có thể chinh phục cây cầu tre xuyên rừng dài nhất Việt Nam, trải nghiệm đi tắc ráng, chèo xuồng và cảm nhận không khí thiên nhiên thanh bình giữa không gian hùng vĩ của rừng tràm.\\nSau khi dùng cơm trưa với các món ăn dân dã mang đậm nét đặc trưng miền sông nước, Quý khách khởi hành về khách sạn nghỉ ngơi.\\nBuổi chiều, xe đưa Quý khách tự do hành hương tham quan:\\n- KDL Lâm Viên Núi Cấm: ngọn núi cao 716m, được mệnh danh là nóc nhà của miền tây, trên núi có hồ Thủy Liêm, miếu sơn thần, chùa Phật Lớn, chùa Vạn Linh, tượng phật Di Lặc cao 32m, màu trắng sáng với nụ cười từ bi lớn nhất trên đỉnh núi, một trong những địa điểm tâm linh quan trọng với người dân địa phương (tự túc chi phí cáp treo Núi Cấm)\\nQuý khách dùng cơm chiều. \\nBuổi tối, khách tự do tham quan, nghỉ ngơi tại Châu Đốc.'),(111,33,'Ngày 2','2022-08-19','TỊNH BIÊN - HÀ TIÊN - RẠCH GIÁ (Ăn trưa, chiều)','Sau khi dùng buffet sáng, đoàn trả phòng khách sạn và khởi hành đi Hà Tiên, dùng cơm trưa tại nhà hàng địa phương.\\nĐoàn tham quan khu du lịch Mũi Nai - Quý khách tự do tắm biển tại một trong mười cảnh đẹp trong tập thơ Hà Tiên Thập Vịnh của Mạc Thiên Tích và thưởng thức hải sản địa phương (chi phí tự túc).\\nQuý khách khởi hành về lại Rạch Giá, đến Rạch Giá kết thúc chương trình du lịch và hẹn gặp lại Quý Khách.'),(112,34,'Ngày 1','2022-08-18','BUÔN MA THUỘT - NHA TRANG – CAM RANH SELECTUM NOA (Ăn 02 bữa, trưa, tối)','07:00 Xe và HDV đón đoàn tại điểm hẹn tại Vietravel Buôn Ma Thuột khởi hành đi Nha Trang. Tới Nha Trang, đoàn dùng bữa trưa sau đó nhận phòng tại Selectum Noa Resort Cam Ranh.\\nSau khi nhận phòng xong đoàn tự do khám phá, có thể sử dụng các tiện ích tại khu Resort như Yoga, Tennis, Gym, Hồ bơi, Bóng nước, Zumba, Aerobic dưới nước …, tham gia các trò chơi trong khu Công viên nước. Dùng buffet tối tại nhà hàng.\\nNghỉ đêm tại Resort.'),(113,34,'Ngày 2','2022-08-19','CAM RANH – NGHỈ DƯỠNG SELECTUM NOA RESORT (Ăn 03 bữa)','Quý khách dùng bữa sáng buffet tại Resort. Sau đó Tự do tắm biển và sử dụng các dịch vụ tại resort theo khung giờ phù hợp.\\nQuý khách tự do dùng buffet trưa tại resort với các món đậm chất Việt Nam và các món Âu, Hàn…\\nSelectum Noa Resort Cam Ranh không chỉ có một bãi biển dài và sạch để bạn có thể tha hồ tắm biển, chơi đùa trên những bãi cát vàng. Resort 5 sao này còn có hồ bơi rộng lớn nằm ngoài trời được thiết kế riêng biệt cho trẻ em và người lớn.\\n11:30 Trả phòng. Dùng buffet trưa tại resort. Sau khi ăn trưa, xe và hướng dẫn viên đưa đoàn khởi hành về Buôn Ma Thuột.\\nVề đến Buôn Ma Thuột, xe và HDV đưa Qúy khách điểm đón ban đầu, chia tay và hẹn gặp lại quý khách, kết thúc chương trình.'),(117,35,'Ngày 1','2022-08-04','Phú Quốc','Vui chơi'),(118,35,'Ngày 2','2022-08-05','Đà Nẵng','Ăn uống'),(119,39,'Ngày 1','2022-08-04','Đà Nẵng','Vui chơi'),(120,39,'Ngày 2','2022-08-05','Quảng Ngãi','Ăn uống'),(121,40,'Ngày 1','2022-08-07','Ha Ha','Vui chơi'),(122,40,'Ngày 2','2022-08-08','Hà Nội','Ăn uống'),(123,42,'Ngày 1','2022-07-22','Đà Nẵng','Vui chơi'),(124,42,'Ngày 2','2022-07-23','Hà Giang','Ăn uống\nNghỉ ngơi'),(125,43,'Ngày 1','2022-07-19','Ôn đới 1','Ăn uống'),(126,43,'Ngày 2','2022-07-21','Ôn đới 2','Vui chơi'),(127,44,'Ngày 1','2022-07-22','Đà Nẵng','Ăn chơi'),(128,45,'Ngày 1','2022-07-10','Thái Bình','Ăn chơi'),(129,45,'Ngày 2','2022-07-22','Thái Bình','Vui chơi');
/*!40000 ALTER TABLE `tour_schedule` ENABLE KEYS */;
UNLOCK TABLES;

--
-- Table structure for table `user`
--

DROP TABLE IF EXISTS `user`;
/*!40101 SET @saved_cs_client     = @@character_set_client */;
/*!50503 SET character_set_client = utf8mb4 */;
CREATE TABLE `user` (
  `id` int NOT NULL AUTO_INCREMENT,
  `username` varchar(45) CHARACTER SET utf8 COLLATE utf8_unicode_ci DEFAULT NULL,
  `fullname` varchar(45) CHARACTER SET utf8 COLLATE utf8_unicode_ci DEFAULT NULL,
  `email` varchar(45) CHARACTER SET utf8 COLLATE utf8_unicode_ci DEFAULT NULL,
  `address` varchar(45) CHARACTER SET utf8 COLLATE utf8_unicode_ci DEFAULT NULL,
  `dob` varchar(45) CHARACTER SET utf8 COLLATE utf8_unicode_ci DEFAULT NULL,
  `gender` varchar(45) CHARACTER SET utf8 COLLATE utf8_unicode_ci DEFAULT NULL,
  `password` varchar(200) CHARACTER SET utf8 COLLATE utf8_unicode_ci DEFAULT NULL,
  `created_date` date DEFAULT NULL,
  `status` tinyint(1) DEFAULT '1',
  `rank` varchar(45) COLLATE utf8_unicode_ci DEFAULT 'normal',
  `total_order` int DEFAULT '0',
  `is_admin` tinyint(1) DEFAULT '0',
  PRIMARY KEY (`id`)
) ENGINE=InnoDB AUTO_INCREMENT=15 DEFAULT CHARSET=utf8mb3 COLLATE=utf8_unicode_ci;
/*!40101 SET character_set_client = @saved_cs_client */;

--
-- Dumping data for table `user`
--

LOCK TABLES `user` WRITE;
/*!40000 ALTER TABLE `user` DISABLE KEYS */;
INSERT INTO `user` VALUES (1,'duy','Phan Duy','duyp@gmail.com','Hà Nội','12/12/1998','Nam','$2a$10$zmbcteumuNux4CHMUlHWW.U3N9JMOwDV6XuvwyjSuF.euTKyTtGK2',NULL,1,'normal',0,1),(2,'Hoàn','Đồng Quốc Hoàn','hoandq@gmail.com','Thái Bình','12/5/2000','Nam','$2a$10$zmbcteumuNux4CHMUlHWW.U3N9JMOwDV6XuvwyjSuF.euTKyTtGK2',NULL,1,'normal',1,0),(3,'vana','Nguyễn Văn A','vanA@gmail.com','Thái Nguyên','12/12/2021','Nữ','$2a$10$zmbcteumuNux4CHMUlHWW.U3N9JMOwDV6XuvwyjSuF.euTKyTtGK2',NULL,1,'normal',1,0),(4,'vana1','Phan Duy','abc123@gmail.com','12345567','27/01/1999','Nam','$2a$10$qYzm4DCVY2aASmieRhwrHul9kzSeL0rrL7TsABGz.DK0afWZUGn4i','2022-07-06',1,'normal',0,0),(5,'duy1','Phan Duy','email@gmail.com','address','04/07/1999',NULL,'$2a$10$30KFBpYk8BpQ2ZgEIxMxxeVWJZaR.ZcMRsfE5h1zzLc1VTZJqDgmi','2022-07-22',0,'normal',0,0),(6,'duy2','Phan Duy','email@gmail.com','address','04/07/1999','Nam','$2a$10$yW2NfmKuNMWoAsTvZcT2ZuPnwdo8TMsRK95rqLiTW32wzzI.dU.U.','2022-07-22',1,'normal',0,0),(7,'duy3','Phan Duy','email@gmail.com','address','04/07/1999','Nam','$2a$10$AZDTB8DoX6NmiEM2hAAH/OpTxO2fNhsMqw/OsvHKhwRc6A26opSpi','2022-07-22',1,'normal',0,0),(8,'duy4','Phan Duy','email@gmail.com','address','04/07/1999','Nam','$2a$10$jqlNxWqdG2mSgFSHMnGXR.n3cgyDaMu7xBqgTzZvxvb3ww6HV3LEy','2022-07-22',1,'normal',0,0),(9,'duy5','Phan Duy','email@gmail.com','address','04/07/1999','Nam','$2a$10$s3XDW6/EiiJKM7fQV9weT.ZjFnAuFE6KMfXz6sPI3raBgQp1KN/..','2022-07-22',1,'normal',0,0),(10,'duy6','Phan Duy','email@gmail.com','address','04/07/1999','Nam','$2a$10$o50/.7K0GGJDVi42pgLn2.uwojnnTsk7ktG0Finuw1vixSTojGMbC','2022-07-22',1,'normal',0,0),(11,'duy7','PhanDuy','dsada','sadasdsad','04/07/1999','Nam','$2a$10$Zsq49esoClHBfDuI6VxaN.ySWFK4HIHIx59GdgHRGx8lGbmvEHXm2','2022-07-22',1,'normal',0,0),(12,'',NULL,NULL,NULL,NULL,NULL,'$2a$10$Y8qHDuZAjrETYwrfRpCw/uAZSsXid5n63.KupWofabXH2xnWbG3Wa','2022-07-22',1,'normal',0,0),(13,'duy12','dsadsad','sadsad','adsad','12/07/2022','Nam','$2a$10$ASvTZcax8Dfze/wkZ2DuP.2VsuqP6259w0RpGGyGdkh0q/7C0ijVy','2022-07-22',1,'normal',0,0),(14,'duy13','Phan Duy','sadsadsa','dsadsadsad','04/07/1999','Nam','$2a$10$YrvtZS3yCjZHwLANSXm6P.YEHitkl2CelVTp5dB/c9omMzhDfd4YS','2022-07-22',1,'normal',0,0);
/*!40000 ALTER TABLE `user` ENABLE KEYS */;
UNLOCK TABLES;
/*!40103 SET TIME_ZONE=@OLD_TIME_ZONE */;

/*!40101 SET SQL_MODE=@OLD_SQL_MODE */;
/*!40014 SET FOREIGN_KEY_CHECKS=@OLD_FOREIGN_KEY_CHECKS */;
/*!40014 SET UNIQUE_CHECKS=@OLD_UNIQUE_CHECKS */;
/*!40101 SET CHARACTER_SET_CLIENT=@OLD_CHARACTER_SET_CLIENT */;
/*!40101 SET CHARACTER_SET_RESULTS=@OLD_CHARACTER_SET_RESULTS */;
/*!40101 SET COLLATION_CONNECTION=@OLD_COLLATION_CONNECTION */;
/*!40111 SET SQL_NOTES=@OLD_SQL_NOTES */;

-- Dump completed on 2022-08-01 16:33:23
